,id,targetId,addtime,userId,nickName,content,isHot
0,87045,172613,2022-04-15 09:28:38,197519,窜天猴,确实有了，推背感极强,0
1,87004,172613,2022-04-14 19:07:37,236079,兔子喵,所以年轻人，有钱是这么好（狗头）,0
2,87001,172613,2022-04-14 17:39:13,213400,黄河,"这位编辑，您好，先不说这篇文章的其它问题，就说零百测试这几张图和结论，甚至是文字描述是您自己产出的么？其中特斯拉Model 3的我怎么看着和去年2月23日一篇自媒体文章里的图片和文字很像呢？而汉EV怎么和某之家汉 2020款 EV 四驱高性能版旗舰型 0-100km/h加速测试内容一致呢？

作为编辑，麻烦请专业一些，如果引用别人数据，请注明转载，或者最起码别让人看出来",0
3,86992,172613,2022-04-14 15:49:32,2,贵EV·JOM3KT37,极氪没毛病,0
4,86980,172613,2022-04-14 11:01:18,234757,001-阿峰,价格都不便宜，其实家用车真没必要那么快的，没太大用处,0
5,86974,172613,2022-04-14 10:44:20,197519,窜天猴,厉害了，车越来越快,0
6,86970,172613,2022-04-14 10:06:13,7711,pen204,还是支持比亚迪，不为什么，民族之光,0
7,86958,172613,2022-04-14 09:14:27,1846,00,都还可以。只是价格,0
8,86955,172613,2022-04-14 08:56:14,235464,侯老湿,35万也不便宜,0
9,84675,170246,2022-03-18 13:06:38,235464,侯老湿,车机系统就是pad感觉,0
10,84676,170002,2022-03-18 13:07:02,235464,侯老湿,特斯拉又又涨价了,0
11,84677,168999,2022-03-18 13:07:23,235464,侯老湿,车灯萌萌哒,0
12,82558,168999,2022-03-03 07:45:11,234428,136****2861,(σ≧∀≦)σ,0
13,82559,168999,2022-03-03 07:45:11,170976,冬不拉,/(ㄒoㄒ)/~~,0
14,82139,168999,2022-02-28 13:06:45,233222,189****0436,乀(ˉεˉ乀),0
15,82140,168999,2022-02-28 13:06:45,233223,170****1990,(๑´ڡ`๑),0
16,84930,168927,2022-03-21 07:29:20,236079,兔子喵,我是y,0
17,82557,168927,2022-03-03 07:44:31,234428,136****2861,(σ≧∀≦)σ,0
18,82556,168927,2022-03-03 07:44:30,170976,冬不拉,/(ㄒoㄒ)/~~,0
19,82141,168927,2022-02-28 13:07:21,233222,189****0436,乀(ˉεˉ乀),0
20,82142,168927,2022-02-28 13:07:21,233223,170****1990,(๑´ڡ`๑),0
21,82143,166722,2022-02-28 13:07:52,233222,189****0436,乀(ˉεˉ乀),0
22,82144,166722,2022-02-28 13:07:52,233223,170****1990,(๑´ڡ`๑),0
23,77198,166722,2022-01-25 09:49:57,32239,天昭,666666,0
24,82146,166213,2022-02-28 13:08:18,233222,189****0436,乀(ˉεˉ乀),0
25,82145,166213,2022-02-28 13:08:17,233223,170****1990,(๑´ڡ`๑),0
26,78693,166213,2022-02-05 21:06:40,234428,136****2861,(σ≧∀≦)σ,0
27,78692,166213,2022-02-05 21:06:28,170976,冬不拉,/(ㄒoㄒ)/~~,0
28,78691,166213,2022-02-05 21:06:10,170976,冬不拉,/(ㄒoㄒ)/~~,0
29,77842,166213,2022-01-29 21:14:30,233705,乌托,不错不错不错,0
30,76558,166213,2022-01-20 07:37:42,32239,天昭,666666,0
31,76250,166213,2022-01-17 21:46:14,196143,李佃驰,多少同规格车型送评？,0
32,76147,166213,2022-01-16 14:15:59,234383,130****1410,正面40%碰撞试验13.657分,0
33,76111,166213,2022-01-15 21:10:26,232441,大小哆少,埃安用结果说明在安全这方面不是说说而已,0
34,76110,166213,2022-01-15 21:10:19,232442,莫连前尘缘,还的是国产品牌的车，既安全又靠谱,0
35,82148,165808,2022-02-28 13:08:37,233223,170****1990,(๑´ڡ`๑),0
36,82147,165808,2022-02-28 13:08:36,233222,189****0436,乀(ˉεˉ乀),0
37,79012,165808,2022-02-08 08:24:59,170976,冬不拉,/(ㄒoㄒ)/~~,0
38,79013,165808,2022-02-08 08:24:59,234428,136****2861,(σ≧∀≦)σ,0
39,79011,165808,2022-02-08 08:24:58,234428,136****2861,(σ≧∀≦)σ,0
40,77843,165808,2022-01-29 21:14:40,233705,乌托,不错不错不错不错,0
41,76559,165808,2022-01-20 07:38:08,32239,天昭,666666,0
42,78762,165652,2022-02-06 12:01:08,233223,170****1990,<(＃＃)>彡烤红薯,0
43,77610,165652,2022-01-27 20:32:56,233222,189****0436,(๑´ڡ`๑),0
44,75822,165652,2022-01-10 06:56:08,32239,天昭,666666,0
45,78763,164980,2022-02-06 12:01:11,233222,189****0436,(￣￢￣*）流口水,0
46,75669,164980,2022-01-06 07:37:22,32239,天昭,666666,0
47,79145,164726,2022-02-09 08:50:01,204245,川EV·J5GIV135,说实话，当我看到最后一张照片的时候，心一下子就凉了。是不是还差些部件没装呢？这明显完成度没达标就放出来了呀！,0
48,78767,164726,2022-02-06 12:02:08,233222,189****0436,(๑>؂<๑）想吃肉,0
49,78766,164726,2022-02-06 12:02:07,233223,170****1990,>°)##><  烤鱼,0
50,78765,164726,2022-02-06 12:01:28,233222,189****0436,(๑>؂<๑）想吃肉,0
51,78764,164726,2022-02-06 12:01:27,233223,170****1990,<(＃＃)>彡烤红薯,0
52,75614,164726,2022-01-04 22:29:21,32239,天昭,6666666,0
53,78769,164685,2022-02-06 12:02:23,233222,189****0436,(๑´ڡ`๑),0
54,78768,164685,2022-02-06 12:02:22,233223,170****1990,乀(ˉεˉ乀),0
55,75670,164685,2022-01-06 07:37:58,32239,天昭,6666666,0
56,75209,164685,2021-12-26 19:51:18,192996,川EV·SCWO4GG0,品质是根本哦，顶一个！！！,0
57,75205,164685,2021-12-26 15:10:13,30003,第一电动客服,关注小鹏P5的车友，可加运营微信diyidiandong，回复小鹏P5邀请您加入群聊。,0
58,79014,164537,2022-02-08 08:25:51,170976,冬不拉,/(ㄒoㄒ)/~~,0
59,79015,164537,2022-02-08 08:25:51,234428,136****2861,(σ≧∀≦)σ,0
60,75671,164537,2022-01-06 07:38:21,32239,天昭,6666666,0
61,75124,164537,2021-12-24 11:57:49,235224,电动车主KC92,看第二排空间，看第二排空间，看第二排空间，完了！,0
62,82149,164352,2022-02-28 13:09:14,233222,189****0436,乀(ˉεˉ乀),0
63,82150,164352,2022-02-28 13:09:14,233223,170****1990,(๑´ڡ`๑),0
64,80712,164352,2022-02-18 13:27:59,234428,136****2861,(σ≧∀≦)σ,0
65,80711,164352,2022-02-18 13:27:20,170976,冬不拉,/(ㄒoㄒ)/~~,0
66,75672,164352,2022-01-06 07:38:41,32239,天昭,666666,0
67,77499,164108,2022-01-27 08:55:20,234061,飞扬,不错，很喜欢,0
68,74832,164108,2021-12-20 12:12:07,32239,天昭,666666666,0
69,74833,163841,2021-12-20 12:12:23,32239,天昭,66666666,0
70,74703,163841,2021-12-18 07:27:23,234061,飞扬,999999,0
71,74614,163841,2021-12-16 22:43:32,233929,小鹿,6666666,0
72,74575,163841,2021-12-16 10:46:30,234060,英英,欧美皮卡，轻量化。,0
73,74704,163245,2021-12-18 07:27:42,234061,飞扬,666666,0
74,74513,163245,2021-12-15 12:22:41,233886,文丽,奔驰宝马路虎揽胜极光,0
75,74355,163245,2021-12-13 08:25:35,32239,天昭,6666666666,0
76,74252,163245,2021-12-11 10:32:45,228387,176****1269,关注,0
77,74216,163245,2021-12-10 23:58:40,174721,if,👍,0
78,74217,163245,2021-12-10 23:58:40,174721,if,👍,0
79,74210,163245,2021-12-10 22:23:11,233929,小鹿,6666666,0
80,74054,163245,2021-12-08 16:00:27,233520,鱼鱼,赞,0
81,76411,162544,2022-01-19 01:49:35,233222,189****0436,ԅ(¯﹃¯ԅ),0
82,74514,162544,2021-12-15 12:22:56,233886,文丽,奔驰宝马路虎揽胜极光,0
83,74356,162544,2021-12-13 08:26:09,32239,天昭,6666666666,0
84,74705,162364,2021-12-18 07:28:04,234061,飞扬,666666,0
85,72336,162364,2021-11-29 08:38:15,32239,天昭,赞,0
86,74515,161982,2021-12-15 12:23:20,233886,文丽,奔驰宝马路虎揽胜极光,0
87,74706,161878,2021-12-18 07:28:17,234061,飞扬,666666,0
88,74254,161878,2021-12-11 10:54:56,228387,176****1269,关注,0
89,72337,161878,2021-11-29 08:38:35,32239,天昭,赞,0
90,74707,161759,2021-12-18 07:28:39,234061,飞扬,66666,0
91,71737,161759,2021-11-22 08:37:58,32239,天昭,赞,0
92,71692,160481,2021-11-21 20:51:26,233520,鱼鱼,可以,0
93,71664,160481,2021-11-21 09:11:39,32239,天昭,赞,0
94,71265,160481,2021-11-17 07:00:51,234061,飞扬,赞,0
95,71150,160481,2021-11-16 06:54:18,233705,乌托,赞,0
96,70578,160481,2021-11-09 08:09:43,228387,176****1269,关注,0
97,71665,160199,2021-11-21 09:12:00,32239,天昭,赞,0
98,70579,160199,2021-11-09 08:10:14,228387,176****1269,关注,0
99,74708,159834,2021-12-18 07:29:03,234061,飞扬,66666,0
100,71666,159834,2021-11-21 09:12:25,32239,天昭,赞,0
101,71151,159834,2021-11-16 06:54:43,233705,乌托,赞,0
102,69950,159834,2021-11-02 15:34:41,213460,文隆,不错,0
103,69829,159834,2021-11-01 16:08:13,213460,文隆,空间挺大的,0
104,71667,159690,2021-11-21 09:12:50,32239,天昭,赞,0
105,69672,159690,2021-10-30 21:09:23,228387,176****1269,关注,0
106,69652,159690,2021-10-30 12:42:13,213460,文隆,厉害,0
107,69653,159204,2021-10-30 12:42:30,213460,文隆,不错,0
108,69533,159204,2021-10-29 07:39:19,32239,天昭,赞,0
109,68881,159204,2021-10-23 07:42:25,234061,飞扬,赞,0
110,68880,159204,2021-10-23 07:42:22,234061,飞扬,赞,0
111,78876,159201,2022-02-07 08:20:43,234428,136****2861,(σ≧∀≦)σ,0
112,78875,159201,2022-02-07 08:20:42,170976,冬不拉,/(ㄒoㄒ)/~~,0
113,68882,159201,2021-10-23 07:42:32,234061,飞扬,赞,0
114,69673,159053,2021-10-30 21:14:26,228387,176****1269,关注,0
115,69051,159053,2021-10-25 07:09:29,32239,天昭,赞,0
116,68977,159053,2021-10-24 07:21:24,233886,文丽,赞,0
117,68959,159053,2021-10-24 06:58:38,234061,飞扬,赞,0
118,68931,159053,2021-10-23 23:11:02,228387,176****1269,这。,0
119,68883,159053,2021-10-23 07:42:42,234061,飞扬,赞,0
120,68815,159053,2021-10-22 23:52:06,230220,小蚂蚁,赞,0
121,68801,159053,2021-10-22 21:29:53,233929,小鹿,666,0
122,68794,159053,2021-10-22 16:41:21,7711,pen204,赞,0
123,68789,159053,2021-10-22 16:32:55,228387,176****1269,关注,0
124,68787,159053,2021-10-22 16:26:46,213460,文隆,合资车要在电动汽车市场发力了？,0
125,68771,159053,2021-10-22 16:18:37,233705,乌托,赞,0
126,68767,159053,2021-10-22 15:54:06,30003,第一电动客服,有关注东风Honda e:NS1的车友吗，告诉小妹，微信diyidiandong,0
127,69674,159088,2021-10-30 21:14:37,228387,176****1269,关注,0
128,69052,159088,2021-10-25 07:09:45,32239,天昭,赞,0
129,69675,158396,2021-10-30 21:14:48,228387,176****1269,关注,0
130,68084,158396,2021-10-16 10:13:12,213460,文隆,666,0
131,68007,158396,2021-10-15 15:18:24,213460,文隆,6666,0
132,67832,158396,2021-10-14 10:16:13,32239,天昭,赞,0
133,67833,158026,2021-10-14 10:16:40,32239,天昭,赞,0
134,67392,158026,2021-10-10 19:41:05,228387,176****1269,不错,0
135,67834,157709,2021-10-14 10:16:56,32239,天昭,赞,0
136,67089,157709,2021-10-07 23:51:23,174721,if,👍,0
137,67073,157709,2021-10-07 23:11:28,233929,小鹿,666,0
138,67835,157807,2021-10-14 10:17:17,32239,天昭,赞,0
139,67393,157807,2021-10-10 19:41:17,228387,176****1269,关注,0
140,67031,157807,2021-10-07 11:36:09,1846,00,呵呵,0
141,67025,157650,2021-10-07 10:02:39,32239,天昭,赞,0
142,66958,157650,2021-10-06 21:01:13,233222,189****0436,/(ㄒoㄒ)/~~,0
143,66959,157650,2021-10-06 21:01:13,233223,170****1990,(σ≧∀≦)σ,0
144,66933,157650,2021-10-06 20:22:16,233929,小鹿,666,0
145,66863,157650,2021-10-05 22:37:41,233929,小鹿,666,0
146,66541,157650,2021-10-02 19:46:24,233621,135****3417,赞,0
147,66496,157650,2021-10-02 06:53:46,234061,飞扬,赞,0
148,66287,157650,2021-09-30 10:35:37,30003,第一电动客服,关注 赛力斯 的车友，加运营微信diyidiandong入群（备注赛力斯）。,0
149,66274,157650,2021-09-30 10:20:52,213460,文隆,厉害,0
150,72458,157401,2021-11-30 15:26:58,233929,小鹿,（v jvi g g k g k v,0
151,67410,157401,2021-10-10 23:17:04,233274,小徐,赞,0
152,67394,157401,2021-10-10 19:41:27,228387,176****1269,关注,0
153,67068,157401,2021-10-07 23:10:49,233274,小徐,赞,0
154,66979,157401,2021-10-06 23:30:28,233274,小徐,赞,0
155,66879,157401,2021-10-05 23:35:30,233274,小徐,赞,0
156,66864,157401,2021-10-05 22:37:54,233929,小鹿,666,0
157,66403,157401,2021-10-01 10:13:46,234383,130****1410,赞👍,0
158,66080,157401,2021-09-29 05:17:29,233223,170****1990,(σ≧∀≦)σ,0
159,66079,157401,2021-09-29 05:17:28,233222,189****0436,/(ㄒoㄒ)/~~,0
160,66077,157401,2021-09-29 05:17:05,233222,189****0436,/(ㄒoㄒ)/~~,0
161,66078,157401,2021-09-29 05:17:05,233223,170****1990,(σ≧∀≦)σ,0
162,66001,157401,2021-09-28 09:20:06,30003,第一电动客服,关注宝马iX3的车友欢迎加入车友群，看看大家都在聊什么？加运营微信diyidiandong入群,0
163,65999,157401,2021-09-28 08:36:52,32239,天昭,赞,0
164,66865,157172,2021-10-05 22:38:08,233929,小鹿,6666,0
165,66082,157172,2021-09-29 05:17:56,233223,170****1990,(σ≧∀≦)σ,0
166,66081,157172,2021-09-29 05:17:55,233222,189****0436,/(ㄒoㄒ)/~~,0
167,68098,157029,2021-10-16 15:45:27,228387,176****1269,强,0
168,66897,157029,2021-10-06 10:12:24,234061,飞扬,赞,0
169,66866,157029,2021-10-05 22:38:30,233929,小鹿,666,0
170,66776,157029,2021-10-04 23:30:28,233929,小鹿,666,0
171,66553,157029,2021-10-02 21:52:11,233222,189****0436,（°Д°）Ъ大赞！,0
172,66083,157029,2021-09-29 05:18:37,233222,189****0436,/(ㄒoㄒ)/~~,0
173,66084,157029,2021-09-29 05:18:37,233223,170****1990,(σ≧∀≦)σ,0
174,65635,157029,2021-09-25 08:55:45,234383,130****1410,赞,0
175,65519,157029,2021-09-24 12:46:22,192996,川EV·SCWO4GG0,座椅完全放平是它吸引我的一个最大特点，可惜,0
176,65483,157029,2021-09-24 07:19:15,233705,乌托,赞,0
177,65478,157029,2021-09-24 06:58:06,234060,英英,赞,0
178,65474,157029,2021-09-24 06:49:40,32239,天昭,赞,0
179,65464,157029,2021-09-23 23:36:19,233275,王老师,赞,0
180,65457,157029,2021-09-23 23:34:19,233274,小徐,赞,0
181,65449,157029,2021-09-23 23:30:24,230220,小蚂蚁,赞,0
182,65423,157029,2021-09-23 18:18:53,30003,第一电动客服,关注零跑C11的车友，加运营微信diyidiandong进群哈。,0
183,68099,156700,2021-10-16 15:45:37,228387,176****1269,喜欢,0
184,66960,156700,2021-10-06 21:01:29,233222,189****0436,/(ㄒoㄒ)/~~,0
185,66961,156700,2021-10-06 21:01:29,233223,170****1990,(σ≧∀≦)σ,0
186,66867,156700,2021-10-05 22:38:36,233929,小鹿,666,0
187,65637,156700,2021-09-25 08:56:25,234383,130****1410,真不错👍,0
188,65265,156700,2021-09-22 09:24:48,1846,00,不错,0
189,65199,156700,2021-09-21 23:22:28,233929,小鹿,666,0
190,64964,156700,2021-09-19 12:14:55,213460,文隆,6,0
191,64918,156700,2021-09-18 21:39:58,233929,小鹿,666,0
192,64913,156700,2021-09-18 14:24:19,30003,第一电动客服,岚图车主或关注岚图的车友们，加运营微信diyidiandong加入车友群，和大家一起聊聊。,0
193,64881,156700,2021-09-18 12:07:47,234364,电动车主OE49,"居然说“针刺试验”的目的是“防止针刺穿电池包”？这也太外行了吧。
针刺试验的目的，是模拟电池内部产生了短路后，会不会热失控，这是锂电最大的安全隐患。",0
194,64865,156700,2021-09-18 09:01:32,213460,文隆,这么安全？,0
195,68100,156498,2021-10-16 15:45:43,228387,176****1269,关注,0
196,65638,156498,2021-09-25 08:56:52,234383,130****1410,赞👍,0
197,65200,156498,2021-09-21 23:22:44,233929,小鹿,666,0
198,65127,156498,2021-09-20 22:49:01,233929,小鹿,666,0
199,65044,156498,2021-09-20 08:02:58,196143,李佃驰,第六代BMW eDrive,0
200,64965,156498,2021-09-19 12:15:13,213460,文隆,6,0
201,64919,156498,2021-09-18 21:40:20,233929,小鹿,666,0
202,64793,156498,2021-09-17 17:58:41,213460,文隆,车身尺寸方面，新车长宽高分别为4785/1852/1856mm，轴距为2856mm，风阻系数低至0.24cd。,0
203,64772,156498,2021-09-17 12:26:44,213460,文隆,帅,0
204,68101,155862,2021-10-16 15:45:52,228387,176****1269,关注,0
205,67096,155862,2021-10-08 07:00:22,234061,飞扬,赞,0
206,67019,155862,2021-10-07 08:14:29,234061,飞扬,赞,0
207,66898,155862,2021-10-06 10:12:30,234061,飞扬,赞,0
208,64920,155862,2021-09-18 21:40:49,233929,小鹿,666,0
209,64264,155862,2021-09-13 08:43:54,1846,00,呵呵,0
210,64244,155862,2021-09-12 23:23:35,233275,王老师,赞,0
211,64238,155862,2021-09-12 23:21:32,233274,小徐,赞,0
212,64237,155862,2021-09-12 23:21:26,233274,小徐,赞,0
213,64233,155862,2021-09-12 23:19:31,230220,小蚂蚁,赞,0
214,64151,155862,2021-09-11 23:49:42,233275,王老师,赞,0
215,64140,155862,2021-09-11 23:45:34,230220,小蚂蚁,赞,0
216,64136,155862,2021-09-11 23:17:22,233929,小鹿,666,0
217,64129,155862,2021-09-11 23:05:31,174721,if,👍,0
218,64120,155862,2021-09-11 22:22:43,233223,170****1990,(σ≧∀≦)σ,0
219,64119,155862,2021-09-11 22:22:42,233222,189****0436,/(ㄒoㄒ)/~~,0
220,64112,155862,2021-09-11 16:46:05,233621,135****3417,早,0
221,64099,155862,2021-09-11 16:13:42,228387,176****1269,关注,0
222,64040,155862,2021-09-11 06:19:57,32239,天昭,赞,0
223,63913,155862,2021-09-10 00:05:57,174721,if,👍,0
224,68102,155662,2021-10-16 15:46:10,228387,176****1269,关注,0
225,65639,155662,2021-09-25 08:57:26,234383,130****1410,赞👍,0
226,64921,155662,2021-09-18 21:41:02,233929,小鹿,666,0
227,64122,155662,2021-09-11 22:23:33,233223,170****1990,(σ≧∀≦)σ,0
228,64121,155662,2021-09-11 22:23:32,233222,189****0436,/(ㄒoㄒ)/~~,0
229,63673,155662,2021-09-08 10:24:43,213460,文隆,好看多了,0
230,72338,155633,2021-11-29 08:39:24,32239,天昭,赞,0
231,68197,155633,2021-10-17 18:08:05,228387,176****1269,关注,0
232,64922,155633,2021-09-18 21:41:19,233929,小鹿,666,0
233,64124,155633,2021-09-11 22:24:15,233222,189****0436,/(ㄒoㄒ)/~~,0
234,64123,155633,2021-09-11 22:24:14,233223,170****1990,(σ≧∀≦)σ,0
235,68330,155196,2021-10-18 21:41:31,233929,小鹿,666,0
236,68198,155196,2021-10-17 18:08:37,228387,176****1269,关注,0
237,66404,155196,2021-10-01 10:14:13,234383,130****1410,赞👍,0
238,64923,155196,2021-09-18 21:41:30,233929,小鹿,666,0
239,64125,155196,2021-09-11 22:24:30,233222,189****0436,/(ㄒoㄒ)/~~,0
240,64126,155196,2021-09-11 22:24:30,233223,170****1990,(σ≧∀≦)σ,0
241,63653,155196,2021-09-08 09:30:59,30003,第一电动客服,关注上汽大众ID.3的车友，加运营微信d1evcar入群，预计10月左右会有试驾活动哈，大家将会第一时间获得试驾机会。,0
242,63328,155196,2021-09-06 09:55:36,196143,李佃驰,顶配15万生，17万不死不活，19万死,0
243,63262,155196,2021-09-05 21:49:11,174721,if,👍,0
244,63104,155196,2021-09-04 10:29:05,234220,蜗牛移动的慢吗,前脸不立体了,0
245,63024,155196,2021-09-03 21:19:46,234220,蜗牛移动的慢吗,12万,0
246,62982,155196,2021-09-03 13:49:12,213460,文隆,15万合适,0
247,62911,155196,2021-09-03 07:47:40,234061,飞扬,赞,0
248,62910,155196,2021-09-03 07:47:14,234061,飞扬,赞,0
249,62830,155196,2021-09-02 14:28:15,204245,川EV·J5GIV135,中国的电动时代，大众不可能重塑辉煌了。只能学会接受现实，踏实走好脚下的路了。,0
250,62814,155196,2021-09-02 11:46:23,230220,小蚂蚁,赞,0
251,62807,155196,2021-09-02 11:00:01,32239,天昭,赞,0
252,66405,155024,2021-10-01 10:14:33,234383,130****1410,赞👍,0
253,64128,155024,2021-09-11 22:25:18,233223,170****1990,(σ≧∀≦)σ,0
254,64127,155024,2021-09-11 22:25:17,233222,189****0436,/(ㄒoㄒ)/~~,0
255,74865,155025,2021-12-20 21:10:48,235311,過兒,海豚的换挡估计有点不易操作吧,0
256,68199,155025,2021-10-17 18:09:12,228387,176****1269,关注,0
257,66438,155025,2021-10-01 17:55:27,196143,李佃驰,比亚迪海豚,0
258,65640,155023,2021-09-25 08:57:55,234383,130****1410,赞👍,0
259,79081,155020,2022-02-08 19:18:54,32239,天昭,666666,0
260,71386,154920,2021-11-18 08:49:49,234383,130****1410,👍赞,0
261,68200,154920,2021-10-17 18:09:44,228387,176****1269,关注,0
262,66439,154920,2021-10-01 17:59:03,196143,李佃驰,复古情节座驾,0
263,66085,154920,2021-09-29 05:19:18,233223,170****1990,(σ≧∀≦)σ,0
264,66086,154920,2021-09-29 05:19:18,233222,189****0436,/(ㄒoㄒ)/~~,0
265,72339,154811,2021-11-29 08:40:00,32239,天昭,赞,0
266,71385,154811,2021-11-18 08:49:26,234383,130****1410,👍赞,0
267,71383,154606,2021-11-18 08:48:58,234383,130****1410,👍赞,0
268,62372,154606,2021-08-30 14:46:59,9381,xingkongs,有没有感觉像弗利萨的第三形态,0
269,62012,154606,2021-08-28 08:22:11,1846,00,丑的难看,0
270,61890,154606,2021-08-27 11:09:47,32284,电车总动员,卡哇伊,0
271,61885,154606,2021-08-27 11:05:53,30003,第一电动客服,关注宝骏KiWi ev的车友，加运营微信diyidiandong入群哦。,0
272,61873,154606,2021-08-27 10:11:03,233520,鱼鱼,赞,0
273,78544,154250,2022-02-04 13:10:55,32239,天昭,6666666,0
274,71384,154250,2021-11-18 08:49:15,234383,130****1410,👍赞,0
275,60956,154250,2021-08-21 18:41:16,233223,170****1990,(σ≧∀≦)σ,0
276,60955,154250,2021-08-21 18:41:15,233222,189****0436,(•̀ᴗ•́)و ̑̑,0
277,60910,154250,2021-08-21 11:39:59,233520,鱼鱼,赞,0
278,72340,153374,2021-11-29 08:40:23,32239,天昭,赞,0
279,71387,153374,2021-11-18 08:50:12,234383,130****1410,👍赞,0
280,62108,153374,2021-08-28 22:52:18,233274,小徐,赞,0
281,60710,153374,2021-08-19 21:51:17,233223,170****1990,(σ≧∀≦)σ,0
282,60709,153374,2021-08-19 21:51:16,233222,189****0436,(•̀ᴗ•́)و ̑̑,0
283,59986,153374,2021-08-15 07:36:23,228387,176****1269,可以,0
284,60711,153203,2021-08-19 21:51:28,233222,189****0436,(•̀ᴗ•́)و ̑̑,0
285,60712,153203,2021-08-19 21:51:28,233223,170****1990,(σ≧∀≦)σ,0
286,59438,153203,2021-08-09 21:47:33,174721,if,👍,0
287,59277,153203,2021-08-07 21:57:35,233222,189****0436,((≡ຶ̑ꀬ≡ຶ̑)),0
288,59276,153203,2021-08-07 21:57:34,233222,189****0436,((≡ຶ̑ꀬ≡ຶ̑)),0
289,59275,153203,2021-08-07 21:57:33,233222,189****0436,((≡ຶ̑ꀬ≡ຶ̑)),0
290,59274,153203,2021-08-07 21:57:29,233223,170****1990,(σ≧∀≦)σ,0
291,60194,152733,2021-08-16 23:33:02,233274,小徐,赞,0
292,59498,152733,2021-08-10 11:07:18,174721,if,👍,0
293,58854,152733,2021-08-01 23:39:41,233222,189****0436,((≡ຶ̑ꀬ≡ຶ̑)),0
294,58853,152733,2021-08-01 23:39:39,233223,170****1990,(σ≧∀≦)σ,0
295,66406,152090,2021-10-01 10:14:53,234383,130****1410,赞👍,0
296,59659,152090,2021-08-12 09:42:03,233222,189****0436,((≡ຶ̑ꀬ≡ຶ̑)),0
297,59658,152090,2021-08-12 09:42:02,233223,170****1990,(σ≧∀≦)σ,0
298,59500,152090,2021-08-10 11:07:50,174721,if,👍,0
299,59248,152090,2021-08-07 03:25:32,170417,大鸟,30左右纯电suv不看看唐ev吗,0
300,58385,152090,2021-07-24 07:28:23,233222,189****0436,/(ㄒoㄒ)/~~,0
301,58386,152090,2021-07-24 07:28:23,233223,170****1990,(σ≧∀≦)σ,0
302,59657,151754,2021-08-12 09:41:41,233222,189****0436,((≡ຶ̑ꀬ≡ຶ̑)),0
303,59656,151754,2021-08-12 09:41:40,233223,170****1990,(σ≧∀≦)σ,0
304,59499,151754,2021-08-10 11:07:39,174721,if,👍,0
305,59273,151754,2021-08-07 21:56:56,233222,189****0436,((≡ຶ̑ꀬ≡ຶ̑)),0
306,59272,151754,2021-08-07 21:56:54,233223,170****1990,(σ≧∀≦)σ,0
307,58264,151754,2021-07-22 07:59:16,233223,170****1990,(σ≧∀≦)σ,0
308,58263,151754,2021-07-22 07:59:15,233222,189****0436,/(ㄒoㄒ)/~~,0
309,59198,151535,2021-08-06 21:07:29,233222,189****0436,((≡ຶ̑ꀬ≡ຶ̑)),0
310,59197,151535,2021-08-06 21:07:27,233223,170****1990,(σ≧∀≦)σ,0
311,59195,151535,2021-08-06 21:07:09,233222,189****0436,((≡ຶ̑ꀬ≡ຶ̑)),0
312,58093,151535,2021-07-19 07:40:45,233222,189****0436,/(ㄒoㄒ)/~~,0
313,58092,151535,2021-07-19 07:40:44,233223,170****1990,(σ≧∀≦)σ,0
314,59711,151237,2021-08-12 15:21:31,32239,天昭,赞,0
315,58856,151237,2021-08-01 23:40:13,233222,189****0436,((≡ຶ̑ꀬ≡ຶ̑)),0
316,58855,151237,2021-08-01 23:40:10,233223,170****1990,(σ≧∀≦)σ,0
317,58094,151237,2021-07-19 07:41:01,233223,170****1990,(σ≧∀≦)σ,0
318,58095,151237,2021-07-19 07:41:01,233222,189****0436,/(ㄒoㄒ)/~~,0
319,57938,151237,2021-07-15 22:21:07,223442,青山,精彩的文章,0
320,57891,151237,2021-07-14 15:17:35,228387,176****1269,有创意,0
321,57879,151237,2021-07-14 09:24:04,30003,第一电动客服,关注小鹏P5的车友，加运营微信diyidiandong入群（备注P5）,0
322,59808,151374,2021-08-13 13:02:07,231696,136****0961,20万以内,0
323,58096,151374,2021-07-19 07:41:44,233223,170****1990,（°Д°）ъ小赞！,0
324,58097,151374,2021-07-19 07:41:44,233222,189****0436,（°Д°）Ъ大赞！,0
325,57835,151217,2021-07-13 08:05:13,1846,00,呵呵,0
326,57832,151217,2021-07-12 22:47:04,233275,王老师,赞,0
327,57826,151217,2021-07-12 22:44:04,233274,小徐,赞,0
328,57821,151217,2021-07-12 22:41:13,230220,小蚂蚁,赞,0
329,57807,151217,2021-07-12 19:16:29,170528,鲁EV·ZHMHQ8Q1,传统车企虽然保守，但是大多数确实是非常务实的，比起那些造车新势力，满嘴跑火车，还是更看好像比亚迪这样的传统车企。,0
330,57804,151217,2021-07-12 19:03:39,228387,176****1269,看好比亚迪,0
331,58099,150520,2021-07-19 07:41:59,233222,189****0436,/(ㄒoㄒ)/~~,0
332,58098,150520,2021-07-19 07:41:55,233223,170****1990,(σ≧∀≦)σ,0
333,57488,150520,2021-07-04 23:32:40,233275,王老师,赞,0
334,71739,150382,2021-11-22 08:39:03,32239,天昭,赞,0
335,59280,150382,2021-08-07 21:58:16,233222,189****0436,((≡ຶ̑ꀬ≡ຶ̑)),0
336,59279,150382,2021-08-07 21:58:15,233222,189****0436,((≡ຶ̑ꀬ≡ຶ̑)),0
337,59278,150382,2021-08-07 21:58:12,233223,170****1990,(σ≧∀≦)σ,0
338,57489,150382,2021-07-04 23:32:52,233275,王老师,赞,0
339,66407,150170,2021-10-01 10:15:33,234383,130****1410,赞👍,0
340,59282,150170,2021-08-07 21:58:59,233223,170****1990,(σ≧∀≦)σ,0
341,59281,150170,2021-08-07 21:58:58,233222,189****0436,((≡ຶ̑ꀬ≡ຶ̑)),0
342,74036,149605,2021-12-08 09:12:17,32239,天昭,666666,0
343,66087,149605,2021-09-29 05:20:06,233222,189****0436,/(ㄒoㄒ)/~~,0
344,66088,149605,2021-09-29 05:20:06,233223,170****1990,(σ≧∀≦)σ,0
345,58645,149605,2021-07-29 09:47:28,174721,if,"上海是无缘了
",0
346,58101,149605,2021-07-19 07:43:32,233222,189****0436,/(ㄒoㄒ)/~~,0
347,58100,149605,2021-07-19 07:43:29,233223,170****1990,（°Д°）ъ小赞！,0
348,57490,149605,2021-07-04 23:33:06,233275,王老师,赞,0
349,56982,149605,2021-06-25 23:05:20,33660,Tiandia ,之前赶着上下班，T03那个快充速度我是惊了，牛批！,0
350,56981,149605,2021-06-25 22:30:03,176156,申晨欢倚,T03这车7万多的价格，400km+续航，开开相当可以,0
351,56980,149605,2021-06-25 22:19:54,33510,怨言无用1,7万不到的价格竟然可以买到400多公里续航的车...早买早享受,0
352,66089,149594,2021-09-29 05:20:30,233222,189****0436,/(ㄒoㄒ)/~~,0
353,66090,149594,2021-09-29 05:20:30,233223,170****1990,(σ≧∀≦)σ,0
354,57342,149594,2021-07-02 09:59:15,228498,sunic,赞👍,0
355,57061,149594,2021-06-26 23:54:10,233275,王老师,赞,0
356,56879,149594,2021-06-24 07:52:37,170976,冬不拉,(⁎⁍̴̛͂▿⁍̴̛͂⁎)*✲ﾟ*｡⋆♡ོ,0
357,56809,149594,2021-06-22 18:07:45,233222,189****0436,(●'ᴗ'σ)σணღ*,0
358,56808,149594,2021-06-22 18:07:41,233223,170****1990,(●'ᴗ'σ)σணღ*,0
359,76870,149195,2022-01-22 15:46:44,174721,if,都不能ota,0
360,57343,149195,2021-07-02 09:59:38,228498,sunic,👍,0
361,56836,149195,2021-06-23 11:26:16,233256,176****4929,<a href='http://www.sogou.com' target='_blank' style='color:#FB953A'>http://www.sogou.com</a>,0
362,56703,149195,2021-06-20 18:14:14,170976,冬不拉,ᖗ乛◡乛ᖘ  完美,0
363,74357,149203,2021-12-13 08:27:21,32239,天昭,6666666666,0
364,56704,149203,2021-06-20 18:14:47,170976,冬不拉,(σﾟ∀ﾟ)σ⁶⁶⁶⁶⁶⁶⁶⁶⁶⁶,0
365,57491,149075,2021-07-04 23:33:18,233275,王老师,赞,0
366,56705,149075,2021-06-20 18:15:04,170976,冬不拉,(ノ๑`ȏ´๑)ノ︵⌨,0
367,71208,148168,2021-11-16 14:23:19,30759,爱芒果果,内饰优雅，是阿尔法S的一大特点，现在的年轻人就喜爱这一点,0
368,71206,148168,2021-11-16 14:08:08,31183,路过的小包子,阿尔法S的外观动感比较足，这样的表现更符合我的购车标准,0
369,71207,148168,2021-11-16 14:08:08,31163,恨长安,阿尔法S的内饰时尚又个性，是比较值得入手的车型,0
370,71204,148168,2021-11-16 13:54:41,30704,Samir向日葵,在网上看到这款车的图片，它内饰里的中控大屏清晰，性价比蛮高,0
371,71205,148168,2021-11-16 13:54:41,31103,Team一梦,根据我了解，从车内的配置来看就知道阿尔法S的优势多，相信见面后有更多人喜爱,0
372,70630,148168,2021-11-09 18:19:30,31061,念水浮云,作为一款高端的纯电车型，阿尔法S是值得入手的实用车,0
373,70629,148168,2021-11-09 18:02:30,30720,天蝗巨猩,要我说，阿尔法S是一款高端豪华纯电动汽车，外观看起来确实豪华,0
374,70628,148168,2021-11-09 17:47:21,30704,Samir向日葵,这款车的车身采用很多铝合金材质的应用，优点蛮多,0
375,70627,148168,2021-11-09 17:47:14,30879,手中的哀伤,其实阿尔法S在四驱版本强劲的动力加持下，相信在驾驶的时候更加有力,0
376,70626,148168,2021-11-09 17:41:01,30854,基围虾啾啾,通过了解，我发现麦格纳代工确实是使阿尔法S拥有了更高级的品质，值得拥有的一款车,0
377,70625,148168,2021-11-09 17:40:48,31103,Team一梦,这款阿尔法S这款纯电车，在电池方面采用的是SK三元锂软包电池，质量也是比较好的,0
378,70624,148168,2021-11-09 17:35:55,30697,So鱼儿,我觉得，一款好车，质量是首要的，阿尔法S在麦格纳代工，所以说驾驶品质有了更高级的保证，蛮放心的,0
379,70623,148168,2021-11-09 17:35:52,30816,麻辣小企鹅,相信很多人知道，纯电车，最重要的还是电池，阿尔法的电池容量达到了93.6kWh，这数据给力啊,0
380,70622,148168,2021-11-09 17:35:48,31195,华山望世界,"我从图片上看，阿尔法S确实在很多地方都有亮眼的表现,赞",0
381,70510,148168,2021-11-08 16:01:22,31163,恨长安,假如说想要入手一款高颜值又实用的车型，建议选择阿尔法S,0
382,70507,148168,2021-11-08 15:54:10,31183,路过的小包子,阿尔法S采用被称为“无界美学”的家族化设计理念，这一特点就征服了我,0
383,70506,148168,2021-11-08 15:54:08,30725,骑驴逛画乡,采用的是华为的系统，阿尔法S这款大轿车可以,0
384,70501,148168,2021-11-08 15:48:07,30915,阿狸阿狸阿戾,其实我觉得阿尔法S在主动安全的功能配置方面做得还算比较好,0
385,70500,148168,2021-11-08 15:48:01,31121,心淡心灰,这款全新阿尔法S的优势之处在于它的动力配置，安全性能强,0
386,70499,148168,2021-11-08 15:47:50,31186,花香小路清,其实作为新一代智能豪华纯电轿车，阿尔法S值得关注,0
387,60207,147949,2021-08-17 07:20:19,233886,文丽,赞,0
388,59437,147949,2021-08-09 19:56:27,228387,176****1269,人很美😜,0
389,57980,147949,2021-07-16 10:41:21,233356,电动车主VH85,哇，这才是我们想买车的人真正想看的,0
390,57719,147949,2021-07-10 11:11:11,233400,136****9205,乌兰察布如何充的电啊,0
391,57492,147949,2021-07-04 23:33:44,233275,王老师,赞,0
392,56436,147949,2021-06-05 10:38:09,30003,第一电动客服,加第一电动运营客服微信d1evxmd加入电动汽车车友群。,0
393,56402,147949,2021-06-03 15:58:48,224070,被迫买了电车,我想了解下沿路怎么充电的，充电桩充足吗？充电速度如何？,0
394,58128,147838,2021-07-19 14:55:02,233466,137****8959,model y充满电表显490公里，95%大概是465公里，总行驶里程310，剩余表显100，实际下降里程365，365/310=1.1774193548，我算得对么？,0
395,56435,147838,2021-06-05 10:37:53,30003,第一电动客服,加第一电动运营客服微信d1evxmd加入电动汽车车友群。,0
396,56258,147838,2021-06-02 07:10:38,231335,电动魔方,宝马单电机 是不是一个因素,0
397,60211,147532,2021-08-17 07:21:25,233886,文丽,赞,0
398,59549,147532,2021-08-10 22:38:48,228387,176****1269,秀,0
399,56706,147532,2021-06-20 18:15:55,170976,冬不拉,(⁎⁍̴̛͂▿⁍̴̛͂⁎)*✲ﾟ*｡⋆♡ོ,0
400,56433,147532,2021-06-05 10:37:32,30003,第一电动客服,加第一电动运营客服微信d1evxmd加入电动汽车车友群。,0
401,56256,147532,2021-06-01 21:58:21,214739,139****8026,只有真正体验了才会有发言权，这样的测评非常有说服力，期待下一期！,0
402,56122,147532,2021-05-25 16:23:43,9284,wx_car1,可以 做一个  直播预告的哈,0
403,56121,147532,2021-05-25 16:18:32,231335,电动魔方,哇哦,0
404,56120,147532,2021-05-25 15:42:06,32094,键盘侠,期待最终的视频合集,0
405,77534,146876,2022-01-27 11:43:23,234383,130****1410,比亚迪凭借良好的口碑及产品力，深受消费者青睐,0
406,56880,146876,2021-06-24 07:53:16,170976,冬不拉,ᖗ乛◡乛ᖘ  完美,0
407,55907,146876,2021-05-18 11:11:17,175675,EGODE,短腿续航，北方卖不动,0
408,77533,146713,2022-01-27 11:42:51,234383,130****1410,别克GL8一直处于一种近乎“无敌”的状态,0
409,56881,146713,2021-06-24 07:53:33,170976,冬不拉,(⁎⁍̴̛͂▿⁍̴̛͂⁎)*✲ﾟ*｡⋆♡ོ,0
410,77535,146399,2022-01-27 11:43:57,234383,130****1410,我们来看看5月份有哪些要上市的新车,0
411,55741,146399,2021-05-11 10:01:03,30003,第一电动客服,关于更多智能汽车的信息，欢迎进群讨论→加运营微信17191096153 [第一电动&充电桩APP社群],0
412,77536,146042,2022-01-27 11:44:21,234383,130****1410,上海车展欧拉一口气公开了3款新车，并将品牌彻底定位于女性用户,0
413,56882,146042,2021-06-24 07:54:32,170976,冬不拉,(σﾟ∀ﾟ)σ⁶⁶⁶⁶⁶⁶⁶⁶⁶⁶,0
414,55849,146042,2021-05-15 13:56:52,232212,电动车主YD60,所谓公务版，就是正常成型加上国补进行销售，意思就是拿不到国补我也不亏，甚至更赚,0
415,55630,146042,2021-05-07 10:10:34,204245,川EV·J5GIV135,哈,0
416,77537,145996,2022-01-27 11:46:08,234383,130****1410,奥迪一贯高水准的内外饰选配项也一定会让你满意,0
417,55597,145996,2021-05-05 20:59:27,1846,00,呵呵,0
418,55593,145996,2021-05-05 13:07:48,192996,川EV·SCWO4GG0,第一电动快成第一水军了哦,0
419,55592,145996,2021-05-05 10:47:31,30704,Samir向日葵,"作为司机，保障人身安全是最重要的事情,Q4 e-tron汽车就是正确的选择,有时间去看看",0
420,55591,145996,2021-05-05 10:43:30,30915,阿狸阿狸阿戾,真心觉得奥迪这车是个实力股,0
421,55590,145996,2021-05-05 10:39:30,31121,心淡心灰,这款车的内饰一如既往的赞,0
422,55589,145996,2021-05-05 10:35:25,30672,晴天小牧,一眼看到Q4 e-tron的内饰看上去就有新能源的影子，是我喜爱的类型,0
423,55588,145996,2021-05-05 10:31:36,30854,基围虾啾啾,我一直关注的就是q4 e-tron，不管是安全配置还是科技配置都挺好,0
424,55587,145996,2021-05-05 10:31:35,31163,恨长安,我喜爱的就是这车子的大空间，主要是因为我们家人口比较多，开车出去玩的时候就得需要一个大空间的车才行，而这款车刚好合适,0
425,55586,145996,2021-05-05 10:31:23,30879,手中的哀伤,不愧是我信任的品牌，奥迪Q4e-tron的优点比较多，尾部贯穿式尾灯，看起来辨识度高,0
426,55585,145996,2021-05-05 10:31:19,31061,念水浮云,车载导航系统这个设计比较到位，我这种路痴比较中意，大家要是想买车也可以去看看这车,0
427,55584,145996,2021-05-05 10:31:18,30759,爱芒果果,个人觉得q4 e-tron内的显示屏设计的挺厉害，看上去很有科技感,0
428,55539,145846,2021-04-30 10:01:24,1846,00,呵呵,0
429,55877,145712,2021-05-17 11:04:07,232300,电动车主ZL11,简单充那个站充电可以减免两小时停车费，还是可以的,0
430,55793,145712,2021-05-12 14:50:41,232074,干饭少女不秃头,是充。我也觉得简单充的桩用起来不错哈哈,0
431,55850,145501,2021-05-15 13:57:54,232212,电动车主YD60,定位不错，但是产品本身也不容忽视，尤其是安全性方面,0
432,55440,145501,2021-04-27 16:27:54,231365,电报,就要找准定位,0
433,56707,145231,2021-06-20 18:16:47,170976,冬不拉,(●'ᴗ'σ)σணღ*,0
434,55323,144627,2021-04-23 10:39:48,30003,第一电动客服,关注大众ID系列电动车型的车友，欢迎加运营微信diyidiandong入群，回复：大众ID。,0
435,55123,144365,2021-04-16 17:29:54,222121,林竹,电🐎,0
436,54622,143895,2021-04-13 10:11:24,186546,博君一肖,特别😎,0
437,54583,143923,2021-04-12 10:57:11,30021,庞义成,这车有个性，跟Aion Y有点像,0
438,54568,143923,2021-04-12 09:16:29,1846,00,hh,0
439,53740,142069,2021-03-18 11:21:42,222121,林竹,🤔,0
440,77199,141710,2022-01-25 09:52:15,32239,天昭,666666,0
441,77200,141526,2022-01-25 09:52:38,32239,天昭,666666,0
442,76560,138800,2022-01-20 07:39:35,32239,天昭,666666,0
443,52883,138800,2021-03-01 14:11:37,192474,EV新势力,满满的质感,0
444,52653,138481,2021-02-24 09:02:24,30003,第一电动客服,欢迎小鹏P7车主或关注小鹏汽车的车友加入微信群，加运营小妹微信d1evxmd入群。,0
445,77201,137430,2022-01-25 09:52:52,32239,天昭,666666,0
446,51999,137430,2021-02-03 10:05:49,30003,第一电动客服,关注长安奔奔E-Star的车友，添加运营小妹微信d1evxmd入群哈。,0
447,59370,136659,2021-08-08 22:48:59,174721,if,👍,0
448,52509,136659,2021-02-19 15:33:17,223899,香格里拉,爱驰U6期待,0
449,51268,136659,2021-01-22 10:39:48,1846,00,关注,0
450,51260,136659,2021-01-22 08:56:15,30003,第一电动客服,爱驰U5车主或关注爱驰的车友可以加入微信群哈，添加运营微信d1evxmd入群。,0
451,77202,136617,2022-01-25 09:53:08,32239,天昭,6666666,0
452,67824,136572,2021-10-14 08:44:29,234383,130****1410,👍赞,0
453,51484,136572,2021-01-26 15:41:43,226694,京ADXX520,新能源车友福利：国家电网度数卡，充值到您自己国家电网e充电APP，500度625元 合1.25元一度电，充电不限时间段都是一个价，无服务费 全国通用(高峰，高速充电7.5折，欢迎购卡备用) 电卡有效期：长期有效(无时间限制) 有需要的联系我 vx hou798993947,0
454,51222,136572,2021-01-21 09:10:52,30003,第一电动客服,关注特斯拉的车友可以添加运营微信d1evxmd入群哈。,0
455,67823,136521,2021-10-14 08:41:59,234383,130****1410,👍赞,0
456,67822,136489,2021-10-14 08:41:40,234383,130****1410,赞👍,0
457,51485,136489,2021-01-26 15:44:23,226694,京ADXX520,新能源车友福利：国家电网度数卡，充值到您自己国家电网e充电APP，500度625元 合1.25元一度电，充电不限时间段都是一个价，无服务费 全国通用(高峰，高速充电7.5折，欢迎购卡备用) 电卡有效期：长期有效(无时间限制) 有需要的联系我 vx hou798993947,0
458,52538,136376,2021-02-20 17:19:59,223899,香格里拉,爱驰———不一般的车,0
459,51099,136376,2021-01-19 08:31:31,2,贵EV·JOM3KT37,车挺好的 就是仪表盘那个屏幕 太卡哇伊了,0
460,67825,136193,2021-10-14 08:44:47,234383,130****1410,👍赞,0
461,51486,136193,2021-01-26 15:44:40,226694,京ADXX520,新能源车友福利：国家电网度数卡，充值到您自己国家电网e充电APP，500度625元 合1.25元一度电，充电不限时间段都是一个价，无服务费 全国通用(高峰，高速充电7.5折，欢迎购卡备用) 电卡有效期：长期有效(无时间限制) 有需要的联系我 vx hou798993947,0
462,51019,136125,2021-01-15 13:34:57,30003,第一电动客服,欢迎关注广汽埃安 Aion S 的车友、广汽埃安 Aion S 车主朋友们入群哈，添加运营微信d1evxmd入群。,0
463,67826,136029,2021-10-14 08:45:16,234383,130****1410,👍赞,0
464,66706,135801,2021-10-04 12:29:35,234383,130****1410,赞👍,0
465,51487,135801,2021-01-26 15:45:44,226694,京ADXX520,新能源车友福利：国家电网度数卡，充值到您自己国家电网e充电APP，500度625元 合1.25元一度电，充电不限时间段都是一个价，无服务费 全国通用(高峰，高速充电7.5折，欢迎购卡备用) 电卡有效期：长期有效(无时间限制) 有需要的联系我 vx hou798993947,0
466,66707,135636,2021-10-04 12:29:53,234383,130****1410,赞👍,0
467,66708,135634,2021-10-04 12:30:06,234383,130****1410,赞👍,0
468,80953,135573,2022-02-20 00:22:07,174721,if,不开空调还不如不开车呢,0
469,80939,135573,2022-02-19 23:18:21,233929,小鹿,76543567,0
470,50881,135573,2021-01-11 14:11:35,30003,第一电动客服,欢迎关注欧拉电动汽车、欧拉车友加入微信群，一起交流讨论。运营客服微信d1evxmd。目前报名试驾欧拉送20元充电费，活动还有效哦。！,0
471,50811,135573,2021-01-08 14:38:28,9284,wx_car1,我试过   晚上出发，室外温度-2度吧。 出发前351公里，eco模式，速度保持60，走的国道，没有开暖风，行驶了40公里；然后模式速度不变的情况，开了暖风（因为车里开始冷起来了），行驶了20公里。到地方的时候，变显续航219公里。行驶60公里，掉电132公里。大概就是五折的样子。天再冷一些估计就奔着三折的样子算了。,0
472,50810,135573,2021-01-08 14:30:58,32284,电车总动员,应该再加一个模式   eco模式   限速70  冷了开会暖风  然后一档暖风  温度调整为2、3档就行  这样测试下来 应该是比较正常出行的状态,0
473,50809,135573,2021-01-08 14:29:04,179536,独孤,剩90公里   就赶紧找地充电吧  这才开了110公里     电动汽车目前还确实就是市内代步 短途出行    跑长途还是算了  这大冷天 着急充电 估计都充不进去,0
474,66709,135549,2021-10-04 12:30:31,234383,130****1410,赞👍,0
475,66710,135460,2021-10-04 12:30:44,234383,130****1410,赞👍,0
476,50703,135186,2021-01-05 10:12:59,1846,00,嗯，不错,0
477,50325,134509,2020-12-22 13:29:51,36140,泡芙,这么牛批的车子，全面吊打同级别，还需要你这种车黑写车黑文章？,0
478,50324,134509,2020-12-22 13:25:20,36167,半寒半冬半烟雨,自信点，ARCFOX都那么牛了，还做啥营销、黑啥竞争对手，不得上来就卖疯？,0
479,50309,134509,2020-12-22 09:31:13,218203,男哥大不大,呵呵,0
480,52510,134469,2021-02-19 15:35:14,223899,香格里拉,车内小帮手,0
481,70452,133702,2021-11-08 09:12:05,234383,130****1410,👍赞,0
482,49995,133702,2020-12-10 13:36:32,217114,夏天20021120,ER6过硬的三电技术体现在同级三最：最长续航、最快充电速度和最低百公里电耗，高手只用实力说话。,0
483,49978,133702,2020-12-10 09:57:05,212745,大活动的,第一感觉就是ER6是一辆有智慧的车，科技和人性化的功能很多，期待实车的体验。,0
484,49976,133702,2020-12-10 09:28:37,224120,湘EV·UJ3DIV97,我自己就是荣威车主，开了这么就的车子它的语音交互是挺好用，有的时候临时改地点，只要在车上动一下嘴巴就可以了。科技智能发展很重要。,0
485,49974,133702,2020-12-10 09:22:52,222781,苏EV·HI2OLQR8,内置的14.3英寸曲面超清触控电容屏很吸睛，同时搭载的斑马智行系统在智能化方面非常的不错。,0
486,49960,133702,2020-12-09 16:52:06,224392,赣EV·DSIIAQD2,ER6将搭载全新的互联网汽车智能系统3.0-Pro，这套系统是基于斑马系统打造的，相信斑马系统以及不用过多的怀疑了。,0
487,70450,133416,2021-11-08 09:11:35,234383,130****1410,👍赞,0
488,70453,133222,2021-11-08 09:12:27,234383,130****1410,👍赞,0
489,70451,132940,2021-11-08 09:11:48,234383,130****1410,👍赞,0
490,70454,132576,2021-11-08 09:12:51,234383,130****1410,👍赞,0
491,48884,131392,2020-11-06 08:51:40,196143,李佃驰,体验感觉确实不错,0
492,48764,131036,2020-11-04 10:19:47,192456,锤子🔨,北京哪里可以试驾,0
493,48740,131036,2020-11-03 11:46:01,192611,钢铁侠,对第一电动组织这样的活动点赞,0
494,48739,131036,2020-11-03 11:44:45,192478,浪里格朗,自动泊车功能对于很多女司机来说还是很有实用性的,0
495,48737,131036,2020-11-03 09:29:43,188021,电车爆料,这活动挺有意义啊,0
496,48980,130760,2020-11-10 08:42:10,36132,zhaolingsuo,确实符合豪华品牌的定位！,0
497,48674,130280,2020-11-01 11:59:04,33559,哎呦我呸,ei6 MAX的外观颜值给我感觉就是非常的年轻化，荧光黄的点缀给外观增添了几分色彩。,0
498,48672,130280,2020-11-01 11:51:13,33558,淺笑嫣然,有面子有里子，我应该会买混动的荣威ei6 MAX，新能源毕竟是大趋势,0
499,48670,130280,2020-11-01 11:45:29,33516,吃醋心酸i,最近都在选车，荣威ei6 MAX来的比较是时候，都说好车就是适合自己的车，我还是比较注重智能功能的，荣威在智能化方面一直都非常不错。,0
500,48668,130280,2020-11-01 11:39:48,33515,小姐范儿,除了年轻化的运动外观以外，内饰的豪华感也非常不错，随处可见的皮革包裹，做工无可挑剔。,0
501,48666,130280,2020-11-01 11:30:41,33511,生死相扶,最近小区里面充电桩挺多的，买辆新能源车也挺实在，用车成本低，ei6 MAX大天窗还是很吸睛的,0
502,48664,130280,2020-11-01 11:23:49,33577,最后的最后,等不及开着荣威ei6 MAX去看星空了，面积感人啊！,0
503,48662,130280,2020-11-01 11:17:46,176289,婧邱Leinfinte,家里已经有辆油车了，正准备买辆新能源车，荣威ei6 MAX给我很年轻的感觉，买辆车代步开还是很有面子的。,0
504,48660,130280,2020-11-01 11:12:29,33526,三落四不丢你,年度真香车型，选荣威ei6 MAX就对了，配置多还便宜,0
505,48659,130280,2020-11-01 11:04:25,176287,亲着木颖,上汽荣威的匠心造国潮这个感觉是很好的，ei6 MAX的前大灯这个看着就很不错，真的喜欢,0
506,48656,130280,2020-11-01 10:55:04,33493,右手年华,荣威ei6 MAX还是不错的，外观好看，配置强，关键是性价比高啊,0
507,48903,130185,2020-11-06 10:15:13,222782,沪EV·BY0X5QC5,荣威RX5 ePLUS车身基本都是亮黑色，一点都不会单调，黄色的点缀更是增加了运动。,0
508,48902,130185,2020-11-06 10:13:57,218769,蔠悻,内饰最科技的还是这个中控大屏，14.3英寸的大屏集合了很多智能配置，最新的斑马系统更是智能的代表。,0
509,48901,130185,2020-11-06 10:12:50,218441,微凉徒眸意浅挚半,RX5 ePLUS在外观设计上增强了不少设计上的巧思，在很多的细节上都带有R的标识。,0
510,48900,130185,2020-11-06 10:11:45,222781,苏EV·HI2OLQR8,RX5 ePLUS，前脸中网的面积非常的大，让车头看上去非常霸气。,0
511,48897,130185,2020-11-06 09:56:45,215558,NICO忠,RX5 ePLUS百公里综合油耗可以低至1.6L/100km，混动也是很给力的。,0
512,48353,130185,2020-10-23 08:42:30,1846,00,不错,0
513,49111,130193,2020-11-12 14:58:50,30003,第一电动客服,北京车友福利！凭油车指标或者北京汽车行驶证可以免费试驾理想ONE24小时哦，加运营微信d1evcom了解详情。,0
514,48256,129821,2020-10-20 15:15:45,210776,矮小怒放语,G3是一款好车，应该受到更多人关注,0
515,47777,128551,2020-10-05 09:23:04,1846,00,嘿嘿,0
516,48981,127407,2020-11-10 08:46:49,36132,zhaolingsuo,不知道车辆产品稳定性如何后期耐用性能不能跟大牌一样靠谱！,0
517,68373,127023,2021-10-19 09:38:45,234383,130****1410,👍赞,0
518,68372,126889,2021-10-19 09:38:32,234383,130****1410,👍赞,0
519,68374,126888,2021-10-19 09:38:59,234383,130****1410,👍赞,0
520,68375,126756,2021-10-19 09:39:14,234383,130****1410,👍赞,0
521,68376,126283,2021-10-19 09:39:32,234383,130****1410,👍赞,0
522,46465,124982,2020-09-03 19:30:25,196143,李佃驰,白猫染黑而已，没有实质提升,0
523,46466,124651,2020-09-03 19:37:26,196143,李佃驰,想必有竞争力,0
524,46467,124661,2020-09-03 19:56:30,196143,李佃驰,体验过，没有什么毛病。但现在感觉V可能不敌蚂蚁,0
525,46290,124661,2020-08-30 23:48:22,175675,EGODE,哎，还是续航不行，其他都不错，广汽赶紧改,0
526,46468,124423,2020-09-03 20:07:42,196143,李佃驰,汉算是当今插电混动之王了,0
527,46469,124273,2020-09-03 20:17:54,196143,李佃驰,后排确实不舒服，所以谈不上豪华。而且后排放到的方式设计很奇怪。。。,0
528,46470,124143,2020-09-03 20:37:18,196143,李佃驰,好久没有关注名爵了,0
529,46471,123949,2020-09-03 20:48:41,196143,李佃驰,e2的外观，从侧面看，比例恰到好处，很耐看。改款座椅调节手动就好，电动没有必要。然而，方向盘还是不能四向调节，这是缺点。加天幕很好。,0
530,45993,123826,2020-08-23 17:11:34,218183,E动时代,档把大爱，前脸浮雕有点low,0
531,45902,123826,2020-08-21 09:19:47,32284,电车总动员,期待,0
532,46472,123493,2020-09-03 21:06:28,196143,李佃驰,外观内饰都挺酷，联想到ＭＩＮＩ　ＣＯＯＰＥＲ,0
533,46475,123376,2020-09-03 21:15:02,196143,李佃驰,白猫与黑猫没有本质提升，就后排不能5：5放到这一个细节，设计就比不上奔奔Estar，而且中间地台隆起，很怀疑欧拉的所谓纯点平台,0
534,45640,123376,2020-08-18 15:42:07,9557,大大大ev,这个图片和文字的间隔看的好不舒服！！！,0
535,50276,122591,2020-12-20 15:24:01,223899,香格里拉,可爱的小车,0
536,45326,122591,2020-08-12 10:47:25,210465,咔咔嚓,毕竟是一辆7.8万的车，内饰这么差，补贴前多少，消费者是按补贴前上保险交税,0
537,46479,122600,2020-09-03 21:29:14,196143,李佃驰,这车驾控还行，后排进出乘坐也不觉得很拥挤。在车外，可以订到较大的噪音，可能是电机噪音,0
538,46480,122329,2020-09-03 21:38:31,196143,李佃驰,微蓝7还是挺看好的,0
539,79140,121519,2022-02-09 08:23:24,234383,130****1410,虽然零跑T03在我们的EVRI城市实测中仅跑出了283.4公里的数据，实际的表现不算出色，不过由于该车的快充速度较快，可以使其进行快速补能，所以日常的行车需求基本都能满足,0
540,45166,121519,2020-08-05 11:02:09,205474,别问我是谁,更喜欢T03一些，S01时尚感更强，T03呆萌可爱没有S01女神版那么扎眼，各花入各眼，T03更入我的眼缘吧,0
541,45165,121519,2020-08-05 11:00:56,211584,wx_仔仔_536144809,性能配置都不错的精品小车，准备入手一辆T03,0
542,43402,119003,2020-06-25 10:21:56,30003,第一电动客服,欢迎蔚来车主或对未来感兴趣的车友加入蔚来车友群，加运营微信入群d1evxmd。,0
543,43175,118928,2020-06-23 11:57:00,212121,第一电动运营小哥,各种电动车交流群，如需入群  加微  d1evcom,0
544,42938,118654,2020-06-19 07:05:14,176011,Jamesau,最讨厌电动汽车吹嘘启动速度小于XX秒啥的，现实生活中用的上吗？当赛车卖好了。,0
545,42927,118654,2020-06-18 21:37:10,22367,浙EV·RD9033,深井冰的设计,0
546,42902,118654,2020-06-18 16:25:06,212121,第一电动运营小哥,各种电动车交流群，如需入群  加微  d1evcom,0
547,42859,118654,2020-06-18 14:39:58,181445,Ner92,稳，吊打理想ONE,0
548,43561,118324,2020-06-30 16:22:52,30003,第一电动客服,微信搜索：d1evcom，加入 第一电动-长安E-ROCK 车友群,0
549,43563,118060,2020-06-30 16:23:21,30003,第一电动客服,微信搜索：d1evcom，加入 第一电动-特斯拉毛豆3 车友群,0
550,43562,117867,2020-06-30 16:23:11,30003,第一电动客服,微信搜索：d1evcom，加入 第一电动-蔚来 车友群,0
551,43564,117661,2020-06-30 16:23:30,30003,第一电动客服,微信搜索：d1evcom，加入 第一电动-小鹏P7 车友群,0
552,43566,117647,2020-06-30 16:24:08,30003,第一电动客服,微信搜索：d1evcom，加入 第一电动-特斯拉 车友群,0
553,43565,117646,2020-06-30 16:23:59,30003,第一电动客服,微信搜索：d1evcom，加入 第一电动官方 车友群,0
554,42886,117126,2020-06-18 14:56:14,6681,第一电动运营小妹,理想ONE车主或想买理想ONE的车友，欢迎加第一电动官方微信touchkf入群。,0
555,43025,117157,2020-06-20 08:58:36,196143,李佃驰,not so competitive,0
556,42166,117093,2020-05-28 14:14:22,204245,川EV·J5GIV135,Model 3 的后驱版本，在性价比方面，真的不如去考虑一下小鹏 P7 了。,0
557,42151,117093,2020-05-28 09:39:46,1846,00,呵呵,0
558,42495,116329,2020-06-09 16:58:54,175675,EGODE,高速续航500公里的电车，还要等5年，还是10年 啊 啊 啊,0
559,42087,116329,2020-05-26 14:43:03,30003,第一电动客服,对广汽车型感兴趣的车友，欢迎添加官方运营微信d1evxmd加入车友群。,0
560,42011,116755,2020-05-23 11:51:40,36140,泡芙,拿低一个档次的车来比售价？贵司的秦Pro EV是停产了吗？你看看内饰和后排空间，完全不是一个等级的，人家能翘二郎腿，你行吗？,0
561,42010,116755,2020-05-23 11:49:11,36142,辽EV·WH26J1Z3,一看就是秦的车托水文，说实话挺反感这样无脑吹自家黑友商的,0
562,42003,116755,2020-05-23 10:50:37,1846,00,呵呵,0
563,41858,116382,2020-05-19 10:51:58,1846,00,不错,0
564,41363,115151,2020-04-30 18:25:24,196143,李佃驰,"tested, acceptable",0
565,41328,114892,2020-04-29 15:54:05,3548,刀客,电机参数都一样，EU7比EU5提升了？做做功课先,0
566,42329,114426,2020-06-04 15:08:37,6954,新能源车,三元电池，安全先天不足,0
567,41089,114167,2020-04-20 13:06:27,196143,李佃驰,read,0
568,41055,114154,2020-04-19 10:09:05,1846,00,嘿嘿,0
569,41057,114132,2020-04-19 10:10:32,1846,00,嘿嘿,0
570,41049,114132,2020-04-18 18:32:32,212581,135****2542,好多测试都是在理想状态下的，没有真实在公路上进行实测,0
571,41048,114132,2020-04-18 18:30:38,212581,135****2542,不知道在高速上的表现如何,0
572,41028,113913,2020-04-17 00:59:20,206955,汽车之心,关于智能汽车的更多交流探讨爆料，欢迎添加微信号autobitxyz加入智能汽车交流群。,0
573,41033,113911,2020-04-17 08:52:31,1846,00,呵呵,0
574,40445,111855,2020-03-21 09:53:44,1846,00,呵呵,0
575,39920,110340,2020-02-28 12:45:52,30003,第一电动客服,"如果您今年刚拥有了北京新能源指标，或新能源指标即将到期，或您打算置换新能源汽车，却不知道该选什么车，欢迎加我微信拉您进北京群。
群里有车主和资深编辑为您解答，还有更多购车福利、充电费赠送。
微信号：firstev",0
576,39415,109295,2020-02-14 16:04:13,1846,00,嘿嘿,0
577,39246,108870,2020-02-09 09:32:07,1846,00,呵呵,0
578,38946,108461,2020-01-31 00:20:27,34031,九筒,唐性能可以  内饰是短板啊,0
579,38918,108461,2020-01-30 13:31:18,196143,李佃驰,haha,0
580,38909,108461,2020-01-30 12:25:57,1846,00,不错,0
581,38580,108009,2020-01-16 16:54:11,171886,小刚哥,图片分辨率太高太晃眼了！,0
582,38553,108009,2020-01-16 13:30:12,196143,李佃驰,ｇｏｏｄ,0
583,38182,107602,2020-01-10 23:11:22,196143,李佃驰,read,0
584,37724,106827,2020-01-02 10:05:25,206923,晋EV·NHNDVR88,支持小鹏，多跑100km，性价比国内最高,0
585,37490,106827,2019-12-28 21:08:15,196143,李佃驰,read,0
586,37381,106827,2019-12-27 11:36:09,171618,风语者,假如你买车是用来开的，推荐小鹏G3,0
587,37366,106827,2019-12-27 09:18:28,1846,00,观望,0
588,39325,105749,2020-02-12 22:41:19,204730,EV拥护者,这样的换算测试本身就是没有意义的，应该开到表显为0左右再谈续航。像某些品牌，或者有意为之或者计量剩余电量的工具不准，刚开始的一两百公里很实在，基本实际跑一公里表显掉电1.5公里以内，但是到了后半段，就虚的厉害，比如实际跑了一公里，表显2.x公里的掉，如果是这样，你们只测了前面最耐用的电，然后通过换算得到的结果完全是不准确的，以前的按键手机就是，满电第一格电最耐用，剩下的没有那么耐用就是这个道理,0
589,36781,105749,2019-12-13 10:55:11,171618,风语者,基本属实，续航挺不错，购车开了半个月的我证实,0
590,36773,105749,2019-12-12 20:22:28,181445,Ner92,断轴解决了吗?,0
591,35113,103346,2019-11-14 08:53:28,1846,00,嘿嘿,0
592,41908,102981,2020-05-20 09:34:04,30003,第一电动客服,欢迎有北京空闲新能源指标的朋友报名试驾欧拉R1，通过第一电动春雷行动报名送200充电费，还享500抵5000政策。具体请加运营微信d1evxmd了解详情，加入北京车友群。,0
593,34844,102677,2019-11-09 07:52:57,22367,浙EV·RD9033,年度土豪电动车才是,0
594,34766,102677,2019-11-08 10:58:54,2,贵EV·JOM3KT37,荣威Ei5 应该算进去,0
595,34765,102677,2019-11-08 10:57:43,22551,肥奔的蜗牛,北汽EX5 续航不行吗？,0
596,34720,102786,2019-11-07 18:00:52,171618,风语者,假如定位二十多万该多好,0
597,34711,102786,2019-11-07 16:37:15,183122,骑着西瓜吃西瓜,缝隙真大,0
598,34640,102559,2019-11-06 22:21:59,171618,风语者,看活动赞助费多少了，以前我经常参加这样的评选活动,0
599,34636,102559,2019-11-06 19:09:36,178756,181****3072,蔚来，威马，小鹏中国的三家电车都没入选？这评选不太合理吧。,0
600,34606,102559,2019-11-06 13:46:33,2,贵EV·JOM3KT37,aions 长安逸动 确实销量可以  其他就一般了,0
601,34551,102495,2019-11-05 14:18:45,2,贵EV·JOM3KT37,北汽的续航还算可以的,0
602,34525,102212,2019-11-05 09:38:52,4199,扫地僧,北汽EU 比亚迪e5 吉利帝豪ev 紧凑轿车级别 销量前三甲 但出租市场购买的也不少 所以...,0
603,34524,102212,2019-11-05 09:37:40,4199,扫地僧,广汽埃安 上市不久 截止到9月份销量就6千多了   👍,0
604,34520,102212,2019-11-05 09:35:32,4199,扫地僧,比亚迪元 欧拉R1 前三个季度销量 确实在各自级别里 是排名1、2的  厉害,0
605,34512,102212,2019-11-05 08:58:41,183122,骑着西瓜吃西瓜,es8呢？,0
606,34510,102212,2019-11-05 08:56:12,171618,风语者,宝骏E100表示不服,0
607,34500,102212,2019-11-05 08:44:36,1846,00,呵呵,0
608,34516,102326,2019-11-05 09:03:52,196143,李佃驰,呵呵,0
609,34395,102326,2019-11-04 09:02:21,1846,00,呵呵,0
610,34224,102078,2019-10-31 23:58:13,196143,李佃驰,有杀伤力,0
611,34056,102078,2019-10-30 09:19:53,22551,肥奔的蜗牛,没啥销量,0
612,33898,101920,2019-10-28 09:01:15,196143,李佃驰,喔，原来和奥迪一闯，都不是正想开发。呵呵,0
613,33893,101920,2019-10-28 08:48:30,1846,00,不错,0
614,33877,101920,2019-10-27 22:44:30,202424,电动控,不是奔驰标，我还真不觉得怎么样,0
615,33864,101920,2019-10-27 10:20:58,1846,00,不错,0
616,33919,101789,2019-10-28 11:35:17,196143,李佃驰,蛇头龙尾,0
617,33827,101831,2019-10-25 23:21:01,196143,李佃驰,阅,0
618,33745,101831,2019-10-25 11:02:41,4199,扫地僧,写作风格  逻辑清楚,0
619,33656,101630,2019-10-23 21:46:08,192996,川EV·SCWO4GG0,如果這車像比亞迪一樣電池終身質保，我會首遷它！！！,0
620,33655,101630,2019-10-23 20:12:00,22367,浙EV·RD9033,"还行,至少这车比较接地气",0
621,33648,101630,2019-10-23 10:02:08,22551,肥奔的蜗牛,看了8万左右的车   做工配置真是太可怜了,0
622,33448,101378,2019-10-20 09:10:58,196143,李佃驰,还是拨杆式比旋钮换档好,0
623,33409,101378,2019-10-19 10:40:07,31101,狂吻流氓,领界EV表现比较出色的后备厢容积足足有420/1120L ，对于喜欢出行的家庭来说是个好消息,0
624,33408,101378,2019-10-19 10:35:01,30697,So鱼儿,该车采用了燃油版不具备的“星云灰”配色方案,0
625,33407,101378,2019-10-19 10:29:57,31122,天灵爱灵,车企追求的是用户的口碑，领界的出现比较贴心，领界配置还挺高的，做为旅行用车，该有的安全配置还是比较全面一些,0
626,33406,101378,2019-10-19 10:25:05,30707,lz杰西卡,福特具有安全感。新车换挡方式改用旋钮式，这也是许多电动汽车惯用的做法,0
627,33405,101378,2019-10-19 10:20:20,30886,裸着的狼,领界1936mm的车宽，已经完全甩开了同级别任何一个车辆，用料方面领界的表现也相当可以，中控台上方以及门板上沿都使用了大量的皮革材质，有一定的档次感,0
628,33402,101378,2019-10-19 10:14:59,30842,桃花岛狂风绝技,续航里程我个人是比较满意的，福特诚意放在那里，这样看来领界的外观个性前卫，内饰的样式也不缺乏档次感,0
629,33395,101378,2019-10-19 10:11:36,31146,忐忑不忐忑啊,灯的科技配置上领界已达到了豪华车的水平，全系标配LED日间行车灯，保证了领界车型在家用市场竞争力，无论是后排乘座空间、还是储物后备厢都比同级高一级别,0
630,33392,101378,2019-10-19 10:04:59,30603,ai留念流年谎,空间表现力度上，还是要说领界EV表现比较出色毕竟后备厢容积足足,0
631,33391,101378,2019-10-19 10:00:08,30633,凝雨�凡�,我内饰方面，领界EV 与燃油版车型的布局相同，真心感觉福特的SUV在配置上还是比较全面的，值得入手,0
632,33390,101378,2019-10-19 09:54:59,30947,没那么简单而已,领界车内的触摸屏与钢琴烤漆面板融为一体，内置的系统运行起来很流畅，年轻人更加喜欢,0
633,33389,101378,2019-10-19 09:50:07,30712,Enjoy捷少,外观设计有特色，继承了福特SUV的家族式色剂，整体看上去还是更加大气。直喷的供油方式，前悬架是麦弗逊式独立悬架，后悬架是多连杆独立悬架,0
634,33388,101378,2019-10-19 09:45:04,31186,花香小路清,内饰上领界给我的感觉还是比较温馨，有种家的感觉，开着这样的车也会特别舒服。该车采用了燃油版不具备的“星云灰”配色方案,0
635,33387,101378,2019-10-19 09:40:16,30866,老�,和同级别车型相比，领界EV在车身宽度方面有一定的优势，这样看来领界还配备流行的LED灯，个性的前脸，比较有辨识度,0
636,33385,101378,2019-10-19 09:40:03,30759,爱芒果果,感觉领界清新简约的界面样式还是比较出色的，导航信息还能同步在这块全液晶仪表盘上，用起来很方便,0
637,33386,101378,2019-10-19 09:40:03,30879,手中的哀伤,领界EV外观上延续了燃油版领界的造型设计，除了常见配置外，领界还搭载全新的信息娱乐系统，也让车子的整体科技感十足,0
638,33341,101277,2019-10-18 16:35:54,196143,李佃驰,方向盘不能前后调节、座椅不能比例放到。设计根本不用心,0
639,33318,101277,2019-10-18 13:39:55,1068,名名,换标后颜值明显提升,0
640,33315,101277,2019-10-18 12:10:31,43,Jackiehjm,我开eu5的，方向盘不能前后调节，累死了，eu7也不能调，看样子不能买,0
641,33306,101277,2019-10-18 10:59:27,2,贵EV·JOM3KT37,啥时候可以试驾下  这车15万的价格  估计会卖疯了,0
642,33277,101277,2019-10-18 08:58:42,1846,00,不错,0
643,40795,100888,2020-04-03 20:56:57,196143,李佃驰,ｃｏｎｓｉｄｅｒａｂｌｅ,0
644,32880,100842,2019-10-15 23:01:33,994,火车,再者，我后来从北京往保定跑了一个来回，走京港澳高速，基本都是平原路段，按照时速100开，空调2档，车内3人，ECO正常回馈模式。基本就是跑100公里路程，消耗110公里的续航电量。比起山区段还是省电得多。,0
645,32877,100842,2019-10-15 22:58:16,994,火车,我就是宋proEV高功率高续航版，中秋节前，从北京往大同开走京藏和宣大，爬坡路段居多，340公里，用了90%的电。返程从大同回北京，同样路程用了78%的电。山区段按照限速80-100开，平原段按照110-120开，全程空调2档，车内3人。,0
646,32695,100842,2019-10-13 22:37:06,199355,雷杰克,路程没跑300以上不准,0
647,32602,100842,2019-10-13 09:10:04,165062,never ever,多开定速巡航才能跑出更接近厂家的续航里程,0
648,32669,100841,2019-10-13 16:46:15,196143,李佃驰,此参数意义不大,0
649,32663,100841,2019-10-13 16:23:39,176011,Jamesau,有何意义？干嘛不去当赛车卖？,0
650,32510,100645,2019-10-12 06:13:00,196143,李佃驰,1比1，业界常态,0
651,32825,100594,2019-10-15 12:44:52,202455,黄大鹏,很奇怪的文章，强忍着看了一点，就知道肯定有人骂,0
652,32482,100594,2019-10-11 20:27:08,1011,北京电瓶老爷车,"说了一大堆，电动车最重要的是啥作者知道吗，当然知道，三电嘛，为啥你不写呢？因为收了5毛钱嘛!
奥迪的三电是啥？能一项一项和特斯拉头对头做个详细对照不？单说电池，奥迪用的谁家的电池？电池密度多少？这车百公里电耗多少？实测充电功率如何？寒冷天气表现如何？高速表现如何？就说外形，做工，这些谁不知道？当然，纯汽油车来讲，奥迪绝对是汽油车界的扛把子之一。但，这里讲的是电车，您就得重点说电。说了那么多项，就是没电啥事儿！",0
653,32463,100594,2019-10-11 12:38:28,153170,宁EV·Q2P107R4,奥迪的电控一般，95kwh的大电池，续航才400多,0
654,32453,100594,2019-10-11 04:24:01,33340,187****5606,奥迪这个车，真心酸。作者也是够了，收了五毛的文章，写起来累不？,0
655,32445,100594,2019-10-10 20:53:10,10411,千里马,不要褒一个，贬一个。特斯拉的整体效果具备科幻感，未来感；奥迪e-troN太传统，过于谨慎。,0
656,32431,100594,2019-10-10 17:23:13,202192,脸大大,说一大推 人家特斯拉免费充电,0
657,32286,100460,2019-10-08 17:36:56,196143,李佃驰,这个车开着确实不错,0
658,32285,100460,2019-10-08 17:29:51,3548,刀客,交流 15分钟10度电，不太相信,0
659,32291,100338,2019-10-08 18:17:22,196143,李佃驰,无形中增加了机械装置,0
660,33772,100231,2019-10-25 17:27:24,43,Jackiehjm,非完全放电测试时，续航里程越高越占优势。下次可以做个满充满放对比，采用相同运行工况，都放到SOC=0或者剩余里程10km，这样再进行百公里耗电量计算。,0
661,32148,100231,2019-10-03 08:47:07,1846,00,呵呵,0
662,32109,100231,2019-10-01 17:57:53,201765,骑驴上高速,小便，你的测评真的公平吗？是收了钱来黑比亚迪的吧？高速测试相同的路程，北汽开了3.33小时近200分钟，比亚迪2.7小时差不多160分钟。同样的路程差40分钟，那要快多少？我们都知道电动车开的快耗电快。如果比亚迪开慢一点那他可以开的更远。40分钟啊，我高速服务区充40分钟还可以开300公里。你北汽拿什么比。,0
663,32061,100231,2019-09-30 21:46:01,201724,阅否伴读,记得北汽新能源ex3搭载最大功率160kw的电机，请小编核实一下,0
664,32049,100231,2019-09-30 14:30:43,201703,鲁EV·BNVXDFV4,深圳市恒创新能源环保科技有限公司专业从事汽车动力电池回收，拆解，梯次利用。联系 * 13924630401（微信同号），联系人：刘世良,0
665,31939,100020,2019-09-28 08:17:18,1846,00,不错,0
666,31847,99915,2019-09-26 12:27:38,194749,JasonMINI,为啥本田丰田在国内出的电动车都不挂自己的标 想想原因吧,0
667,31813,99807,2019-09-25 11:04:03,153170,宁EV·Q2P107R4,"这款车比元好。

元作为小型SUV，弄个备胎背在车后方，看起来挺别扭的",0
668,31661,99578,2019-09-23 05:21:22,30175,EV老友记,之前风波什么结果,0
669,31557,99401,2019-09-20 08:44:08,1846,00,观望,0
670,31523,99401,2019-09-19 13:58:35,176209,烈舜尉莲,真的是科技改变生活，希望安全配置不断提升，给我们车主带来更好的用车体验,0
671,31522,99401,2019-09-19 13:56:15,176090,经瑜庆琼,女司机应该也适合，上下班代代步还是挺好的,0
672,31521,99401,2019-09-19 13:52:55,33520,心倾情倾了所有,什么？可以不用带钥匙了。。解放了健忘症患者,0
673,31520,99401,2019-09-19 13:50:42,176224,乐贤枝仪,想去试驾S01，被小编的测评整得心动了,0
674,31519,99401,2019-09-19 13:47:44,176282,黎子爱单身,价格实惠、性价比在线、相信这类小轿跑未来会有很大市场,0
675,31515,99401,2019-09-19 12:59:17,171618,风语者,吉利美人豹，了解一下,0
676,31511,99401,2019-09-19 10:33:46,201045,此木此木2,不看好,0
677,58144,98739,2021-07-19 17:56:49,30003,第一电动客服,北京车友福利！近期想入手购买广本（EA6、VE-1）的，请联系我们（微信diyidiandong），有购车福利哦。,0
678,33147,98739,2019-10-17 11:36:23,30854,基围虾啾啾,由广汽本田研发的新车型，一定会是竞品中的佼佼者，支持广汽，支持支持VE-1,0
679,33146,98739,2019-10-17 11:35:48,30725,骑驴逛画乡,VE-1在纯电SUV中的续航能力那可以说十分有优势的，行业中的佼佼者,0
680,33145,98739,2019-10-17 11:32:09,30633,凝雨�凡�,这样齐全的配置真是广汽本田的良心之作，大平台 * 就是大气,0
681,33144,98739,2019-10-17 11:31:07,31186,花香小路清,广汽本田的车从未让人失望过，相信这是款精心研发的新车型一定会受大家欢迎,0
682,33143,98739,2019-10-17 11:27:56,30672,晴天小牧,这款VE-1是一款“纯电SUV”，兼具动力和操控性的一款优秀的车型,0
683,33142,98739,2019-10-17 11:25:20,31085,哎呀笑死阿拉蕾,VE-1作为广汽Honda首款搭载SPORT EV的纯电动SUV，有着澎湃动力,0
684,33141,98739,2019-10-17 11:22:07,30842,桃花岛狂风绝技,众所周知，合资品牌的汽车一直因质量好而受欢迎，而作为其中一员的VE-1表现更是优越,0
685,33140,98739,2019-10-17 11:21:04,30624,俗不可耐,具备卓越品质和优秀操控性能的“纯电SUV”VE-1，其高品质确实让人眼前一亮,0
686,33139,98739,2019-10-17 11:16:39,30947,没那么简单而已,这款车亮点真的好多，广汽本田首次进军新能源领域就是一个开门红,0
687,33138,98739,2019-10-17 11:15:44,31121,心淡心灰,个性年轻的外形，齐全的配置，广汽的细分市场更完善，期待中,0
688,33137,98739,2019-10-17 11:12:18,30890,奈之�泉,作为本田的首款电动汽车，这样的配置可以说是完美,0
689,33136,98739,2019-10-17 11:11:21,30755,人民大团结力量,说到纯电SUV汽车，都很关心续航里程，这款VE-1的续航就有着出的续航表现,0
690,33135,98739,2019-10-17 11:08:43,30894,穷穷是超人,这款车能够进一步完善本田旗下的细分市场，好期待上市,0
691,33134,98739,2019-10-17 11:06:00,31146,忐忑不忐忑啊,广汽本田VE-1定位于“纯电SUV”做到了高效率和低能耗的高度融合,0
692,33133,98739,2019-10-17 11:02:44,31101,狂吻流氓,广汽本田VE-1是首款新能源车，丰富的安全配置很良心，大品牌就是赞,0
693,33132,98739,2019-10-17 11:02:20,31171,寞离亦相随,作为进军新能源领域的一款新车型，VE-1简直是完美，品质真的优秀,0
694,33131,98739,2019-10-17 11:01:30,30720,天蝗巨猩,相比自主品牌和新势力的电动汽车，VE-1更有优势,0
695,33130,98739,2019-10-17 10:58:47,31081,乌镇之似水年华,这款大平台 * 优秀产品，给消费者带来了好多的新感觉，支持VE-1,0
696,33044,98739,2019-10-16 16:23:38,30759,爱芒果果,电池原理更加的专业，对于防火这块VE-1做的也很出色。,0
697,30984,98896,2019-09-11 15:32:07,31848,李 晶波,"“疯狂”在哪里？
标题再疯狂也无法弥补内容的虚弱",0
698,30962,98896,2019-09-11 09:40:16,4199,扫地僧,这个加速度可以啊,0
699,30958,98896,2019-09-11 08:53:27,1846,00,不错,0
700,30945,98805,2019-09-10 16:40:24,994,火车,拿小鹏比是什么心态？,0
701,30938,98805,2019-09-10 14:29:54,9381,xingkongs,中控台相比外观 还是丑,0
702,32886,98714,2019-10-16 08:34:37,1612,wo,为什么仪表上把耗电量叫耗油量,0
703,30902,98714,2019-09-09 17:53:56,178299,189****0491,外观还是老样子，本来就不喜欢老款，可恶的外观，新能源的外观还是这么难看，没有人会买,0
704,30868,98714,2019-09-09 08:42:42,1846,00,不错,0
705,30703,98405,2019-09-05 12:01:28,199049,雪球,继续发展   过两年再买,0
706,30690,98405,2019-09-05 09:10:10,1846,00,不买,0
707,30632,98405,2019-09-04 13:45:26,200421,D.B,价格的下探，其实是企业竞争实力的体现，以量实现成本的下降。,0
708,30630,98405,2019-09-04 12:05:47,200418,就是这个位,一些基本配置很实用，外观内饰也是同类车中比较有品质感的，这次荣威ei6 PLUS升级我给双击,0
709,30629,98405,2019-09-04 12:04:44,200415,铁锁长江,360度环景影像特别实用，对于新手来是福音,0
710,30627,98405,2019-09-04 12:03:18,200414,TODD,荣威ei6销量在混动界销量还是可以的，这次增配降价，对于销量的提升肯定不少。,0
711,30626,98405,2019-09-04 12:02:35,200416,凝聚的下探,1.0T升级1.5T，三缸变四缸，动力配置提升明显，关键价格还实惠了，性价比一下就出来了。,0
712,30624,98405,2019-09-04 12:00:36,200415,铁锁长江,看似未变，其实一切皆变，混动市场的搅局者硬核产品。,0
713,30623,98405,2019-09-04 11:58:38,198789,沙漠狐狸,混动界的小王子称呼确实名副其实，颜值帅，跑起来拉风。,0
714,30622,98405,2019-09-04 11:54:59,198792,爱上这个感觉,这款车ssss店已经可以预约试驾了吧，我想十一前就订了，打算开新车去旅行。,0
715,30621,98405,2019-09-04 11:53:01,198779,风语筑,家族式的律动设计，倒梯形的格栅设计，让荣威ei6 PLUS极具辨识性,0
716,30620,98405,2019-09-04 11:49:57,200412,皖南的皖南,比同类车颜值好看，价格也符合预期，金九银十就充电一把,0
717,30619,98405,2019-09-04 11:47:21,43,Jackiehjm,ei6 PLUS文武兼备，兼容并包，一款性价比蛮高的混动车。,0
718,30596,98405,2019-09-04 09:37:54,13192,新能源汽车零部件防护专家,不错，继续加油,0
719,30586,98405,2019-09-04 09:06:48,1846,00,不错,0
720,30636,98356,2019-09-04 16:22:59,200427,吉EV·E85WKJQ3,驾驶感觉可以，而且操控感极强，我把EX3推荐给新手司机,0
721,30534,98356,2019-09-03 19:03:42,198656,青EV·PZ4FSLB2,nimen这车不如做个三厢的，不量产，量产的还是h6类的车型，真臭啊,0
722,30494,98356,2019-09-03 14:35:00,2,贵EV·JOM3KT37,北汽EX3 路上见过几辆 没认出来,0
723,30492,98356,2019-09-03 14:31:49,4199,扫地僧,EX3价位可比元贵了一些哈 配置在那,0
724,30198,98116,2019-08-31 10:34:57,22852,zhang2017yi,信息详细！！！,0
725,30137,98116,2019-08-30 23:00:38,196143,李佃驰,北汽还是老LOGO好看,0
726,30113,98116,2019-08-30 10:30:47,2,贵EV·JOM3KT37,写的不错 但据说刹车有点肉 还需要提前刹哈,0
727,30117,98015,2019-08-30 13:02:12,176011,Jamesau,纯电动汽车绝对是三四线城市的重点市场，只不过不需要10万以上的高大上的车，经济实用的6万以下的车才是主力。,0
728,30107,98015,2019-08-30 09:19:36,197189,海狸,乡村开远光的是很正常的事。科目一里面就有说了，乡村道路，开远光以防止急转弯的发生。,0
729,30091,98015,2019-08-30 02:35:56,199140,九天御龙,嗯，电动完全可以在三四线城市开，,0
730,30047,98015,2019-08-29 15:16:08,22367,浙EV·RD9033,"真恶心,卖不动了,就五毛党来吹",0
731,30041,98015,2019-08-29 14:19:22,32199,闽EV·HP17T988,定价有点高之外，没别的毛病,0
732,30010,98015,2019-08-29 09:04:21,196143,李佃驰,看了两次试车，总体感觉差。除了沿用其它系列的旋转中控屏值得一赞外，操控、方向盘座椅调校等无一可取之处，后排不能分体放倒，后窗不能在主驾升降。。。。。。比易至的同规格车差远了。,0
733,29775,97825,2019-08-27 09:00:16,1846,00,观望,0
734,29539,97618,2019-08-23 14:16:42,4199,扫地僧,为啥取消了雾灯？,0
735,29517,97618,2019-08-23 09:07:49,1846,00,不错,0
736,29413,97373,2019-08-22 00:21:19,994,火车,这续航还是低调点吧，也不是很长,0
737,29315,97373,2019-08-20 16:46:16,178299,189****0491,换电站，每个地级市的城市都有吗？,0
738,29314,97373,2019-08-20 16:45:31,178299,189****0491,换电站的服务费是多少？,0
739,28996,96887,2019-08-15 15:33:35,178299,189****0491,十五英寸的显示屏有老花的人，能看得清楚吗？,0
740,28995,96887,2019-08-15 15:31:09,178299,189****0491,显示屏的安装，像拼上去的，这种设计很难看，应该钳入式的要好看些,0
741,28994,96887,2019-08-15 15:24:29,178299,189****0491,第三部没有做到，30万一下性能版的特斯拉才算价位更低,0
742,28979,96887,2019-08-15 14:55:46,170528,鲁EV·ZHMHQ8Q1,不要动不动就用“伟大”这个词，特斯拉真没有什么特别伟大的东西，如果说车辆性能，其他的电动车企不是造不出来，如果说自动驾驶，特斯拉的顶多算作辅助驾驶，而且其他车企比它做得好的很多，只是别人出于负责人的态度，不会把这种不成熟的技术拿出来，事实也证明辅助驾驶不靠谱，死了不少人，如果说内饰设计，特斯拉的内饰设计真的用丑来形容，跟传统车企的豪华比相差甚远，如果说做工，一个七八十万的车，钣金跟五六万的车做工几乎没什么区别。现在的小编，吹牛一点不负责,0
743,28763,96791,2019-08-13 09:11:50,1846,00,不错,0
744,28719,96732,2019-08-11 23:28:21,199243,鄂EV·MFKH0IS7,这是一条蔚来的广告，毫无意义！比安全，蔚来比沃尔沃差了至少二十年！,0
745,28687,96732,2019-08-10 11:03:13,178299,189****0491,国家应该用重金支持蔚来搞研发，让蔚来汽车各项指数都超过特斯拉，这样未来就可以占领整个中国市场以及世界市场，这才是最重中之，当务之急,0
746,28712,96653,2019-08-11 09:26:12,13464,EV_14803169234296,"本公司专业充电桩安装商，可以为其它车企，车主提供充电桩相关服务，包括预勘测，勘测，预算，施工，移位。有多个品牌电动车多个平台充电桩安装合作典范。
1，全程协助车主与物业，电源方进行协调及申报。
2，到车位现场提供预勘测，勘测，就管槽路由，线路敷设，主辅材品牌，数量，价格，总造价给出中肯的预算。
3，根据勘测结果，给出合理施工价格(包工或包工包料)。
4，材料的选用，可靠的漏保空开，符合消防规范的管线，合理的容量冗余，个性化的防盗措施，为车主免除充电桩的安装维护的烦恼。 * :137 8703 4402 
 敬请垂询！有大量现场安装图片及工艺，曾经为特斯拉，上汽荣威，上汽通用，沃尔沃等品牌安装过200多个随车桩。
 价格有压倒性优势，不用层层转包。",0
747,28627,96653,2019-08-09 10:37:08,196143,李佃驰,与荣威ei5有得一比,0
748,28626,96653,2019-08-09 10:31:55,196143,李佃驰,定价8-11万比较合适,0
749,28622,96653,2019-08-09 10:17:39,22367,浙EV·RD9033,有点贵,0
750,28615,96653,2019-08-09 09:36:56,2,贵EV·JOM3KT37,电动小钢炮,0
751,28634,96582,2019-08-09 13:08:03,178299,189****0491,第一，前脸还是蔚来好比奥迪好看,0
752,28633,96582,2019-08-09 13:06:05,199117,云EV·FXE6FH21,蔚来这种山寨货还是算了吧，,0
753,27991,95428,2019-07-24 10:12:17,4199,扫地僧,皮卡 有点意思 现在还有哪些皮卡电动汽车呢？,0
754,27981,95428,2019-07-24 09:44:15,1846,00,不错,0
755,27453,94484,2019-07-11 14:54:53,30500,Model Y,mei xiang dao zhe me li hai,0
756,27433,94484,2019-07-11 09:27:14,185250,136****0308,这593是算出来的呀…我还以为是你们测出来的…,0
757,27370,94241,2019-07-09 10:21:26,171761,苏EV·STLP3BS1,嗯，我会一直支持s2的呦,0
758,27368,94241,2019-07-09 10:19:35,36141,藏EV·G9FMH8Y9,来来来一起啊，我也要去呢,0
759,27366,94241,2019-07-09 10:15:01,36140,泡芙,比亚迪的造车技术可以，值得信赖。,0
760,27364,94241,2019-07-09 09:54:45,195970,湘EV·KQM99BC7,性价比是越来越高了。,0
761,27363,94241,2019-07-09 09:54:43,151959,鄂EV·DCN7L849,可以买到这么好品牌的车放心,0
762,27362,94241,2019-07-09 09:54:42,194118,琼EV·SYW6D2N6,相信比亚迪还是能满足需求的,0
763,27344,94241,2019-07-09 08:57:55,195970,湘EV·KQM99BC7,家里就是开的比亚迪电动车，“三电”技术很强大，估计这个S2上也有黑科技。,0
764,27334,94241,2019-07-09 08:42:52,36140,泡芙,每次看到有人夸我们国产的产品我就开心。,0
765,27333,94241,2019-07-09 08:39:43,172825,闽EV·BAWER231,全液晶仪表盘很有科技感,0
766,27326,94241,2019-07-08 22:54:59,197443,鲁EV·VL6DLTZ0,同级别最好看的颜值，不接受反驳,0
767,27325,94241,2019-07-08 22:16:53,36141,藏EV·G9FMH8Y9,有这样的好车相伴，生活也会变得多姿多彩,0
768,27322,94241,2019-07-08 19:54:25,36167,半寒半冬半烟雨,很有颜值，你是准备多诱人呢,0
769,27320,94241,2019-07-08 18:36:40,36169,皖EV·YJFS7N81,相信是因为产品质量过关，才会使得许多人青睐。,0
770,27319,94241,2019-07-08 18:30:40,36142,辽EV·WH26J1Z3,内饰看起来还挺有质感的。,0
771,27318,94241,2019-07-08 18:26:30,197431,甘EV·F6R56ZF4,4100*1785*1680毫米，轴距2535毫米，比亚迪这辆小型SUV空间表现还是不耐的。,0
772,27317,94241,2019-07-08 18:10:08,197430,赣EV·B6N02OR8,比亚迪一直是个不错的车企，我会继续关注的，相信它的新能源之路会越走越好。,0
773,27316,94241,2019-07-08 18:07:23,197429,冀EV·GIHOWFQ2,性能太强大了，同价位，同级别根本找不到这么好的车了,0
774,27315,94241,2019-07-08 18:04:51,172816,吉EV·F6KHVY01,比亚迪S2这款车居然连丰田工程师都喜欢上了。,0
775,27314,94241,2019-07-08 18:03:39,197428,闽EV·OKC88821,比亚迪S2的外观看着还是很经典的,0
776,27313,94241,2019-07-08 17:59:48,194118,琼EV·SYW6D2N6,比亚迪S2家用也不错的,0
777,79143,94237,2022-02-09 08:26:50,234383,130****1410,经过深度试驾后发现，北汽新能源EX5无论在造型设计还是驾驶感受方面都没有什么特别之处，也不像部分造车新势力那样，有着令人眼花缭乱、可以“炫技”的功能，一切都以实用为出发点,0
778,27156,94102,2019-07-04 12:51:11,35348,Ko,特斯拉一直是电动车的标杆,0
779,27069,93960,2019-07-02 19:47:32,4199,扫地僧,es6不错 刚刚好 es8略大,0
780,27115,93930,2019-07-03 09:06:32,1846,00,不错,0
781,27104,93930,2019-07-03 06:31:27,176011,Jamesau,"再怎么弄，还是输在充电等待这个致命缺陷上，充电桩模式下的纯电动汽车实在没戏唱。

越来越明白当初日本人为何只发展混合动力车的道理了，随身带着充电器不受充电时间影响，跑到那充到那，车停充电器不停，20来度电的电池组足够，配上一个小型发动机，很环保也节能。",0
782,27045,93866,2019-07-02 09:00:19,1846,00,观望,0
783,27011,93866,2019-07-01 11:08:57,171618,风语者,价格太高了,0
784,27013,93854,2019-07-01 11:16:15,171618,风语者,那些秒天秒地秒特斯拉的出来说说自己的产品,0
785,79144,92842,2022-02-09 08:27:38,234383,130****1410,同时车载娱乐的可玩性很高，在空间拓展方面又很多样化,0
786,26445,92842,2019-06-17 08:16:00,22367,浙EV·RD9033,现在的价格已经没有性价比可言了,0
787,44886,92840,2020-07-25 10:38:42,217280,133****1230,如果续航能力和充电问题都得到解决，纯电动车无疑最具优势。可是，目前上述两个问题的解决遥遥无期？而插混车型兼顾了用车成本和续航能力，是比较理想的纯油和纯电之间的过渡车型。,0
788,26415,92840,2019-06-16 06:29:33,22367,浙EV·RD9033,插电混动就是个怪胎，就是个垃圾，两套系统，价格贵得要死,0
789,26403,92840,2019-06-15 09:08:42,176011,Jamesau,为何总要强调起步速度？去当赛车卖算了，实际应用中用的上吗？,0
790,26399,92843,2019-06-14 22:06:37,171618,风语者,一直在模仿，从未超越蔚来没有未来,0
791,26393,92843,2019-06-14 17:56:56,177992,178****8765,继续吹，武汉又自燃一辆,0
792,26380,92843,2019-06-14 10:35:37,1846,00,降价,0
793,26324,92503,2019-06-12 12:38:58,195996,张文平,写的真好！,0
794,26014,92214,2019-06-05 07:43:51,22367,浙EV·RD9033,五毛你好，五毛再见！,0
795,25986,92214,2019-06-04 07:55:07,175446,定,真实,0
796,26325,92122,2019-06-12 12:40:27,195996,张文平,IEVS4真心好车！,0
797,25915,92122,2019-06-02 13:44:43,195507,范佰涛,这车要是不行，江淮你就死定了。渣五祸害了多少人。,0
798,25851,92122,2019-05-31 16:27:16,192917,快递员大脸猫,不好看  不好看多好都不买,0
799,25831,92122,2019-05-31 09:40:08,2,贵EV·JOM3KT37,这次江淮的这车不知道会怎么样,0
800,25821,92122,2019-05-31 08:51:00,1846,00,一款改变形象的车,0
801,25725,91865,2019-05-28 20:26:36,176011,Jamesau,拿一辆别家的车(也带有发电功能的)在边上一起陪练，才能看得出点名堂，自嗨没意思。,0
802,25675,91865,2019-05-27 15:43:00,195146,闽EV·Z5F3HBK0,小编的逻辑思维不够严慬，这样会误导消费者。,0
803,25674,91865,2019-05-27 15:41:48,195146,闽EV·Z5F3HBK0,"我觉得这个测试有点不科学,对照图表，测试结束时增加了14%的电量，而续航里程增加163公里。照此推测，在起点电量43%的基础上再增加14%，不是要多跑326公里吗？这个增加里程数只是在按测试起点到终点这段距离所耗电量推算出来的，而现实中永远不可能达到。",0
804,25669,91865,2019-05-27 13:56:47,43,Jackiehjm,没看懂，电量15%怎么续航增加了4倍，啥玩意？,0
805,27462,91421,2019-07-11 16:51:06,4199,扫地僧,纯电续航可以,0
806,27461,91421,2019-07-11 16:50:29,2,贵EV·JOM3KT37,车还是不错的,0
807,25439,91418,2019-05-21 07:47:58,186102,PEfarmer,高压降电流快充是伪命题，总功率没有因为提高电压而减小。,0
808,25414,91418,2019-05-20 10:26:11,175652,小明888,"我希望留言的兄弟们，多积点口德。。
说4.4没啥用的，那几百万的5秒多有啥用？解释一下",0
809,25383,91418,2019-05-18 23:09:32,185951,9527,百公里加速一秒也没有用，到处堵车。大续航才是王道,0
810,25372,91418,2019-05-18 12:15:43,176011,Jamesau,4.4秒的车，应该作为赛车卖，平时谁用的上？还用三元材料锂电池？自求多福吧，希望自燃的时候没人在车里😓,0
811,26911,91035,2019-06-28 10:15:03,196905,川EV·KPEOKY16,家冲深度太慢，一小时只能中5%的电量,0
812,25147,91035,2019-05-12 12:14:45,31848,李 晶波,"正常成人座后座都不能坐直
后座只适合小孩",0
813,25087,91035,2019-05-11 07:27:46,22367,浙EV·RD9033,就这个外形，你里面搞得再高档，也是个低档货，还卖这么贵,0
814,25066,91035,2019-05-10 23:35:10,943,电动车被占用,坐等E2，应该是元360的三电系统，F3两箱版吧。。。,0
815,25065,91035,2019-05-10 23:17:47,194088,EV_先生,"要普及很简单，什么时候纯电动的全生命周期使用成本低于燃油车了，就自然普及了，跟推广A00,A0,A+没关系，各有各的用户群。如果A00就能让电动车普及，那以前的F0早就让汽车普及了。",0
816,25064,91035,2019-05-10 21:25:03,194243,136****5373,开手机上吹的很天花乱坠，看过车后扭头就走，这做工这品质也敢出来卖？,0
817,25063,91035,2019-05-10 21:22:39,194243,136****5373,🙃,0
818,25041,91035,2019-05-10 09:00:45,22852,zhang2017yi,没有技术亮点啊，还需努力啊！,0
819,25037,91006,2019-05-10 05:48:18,176011,Jamesau,"接上，这个内置电池组就能体现出大车小车豪华车廉价车之间的区别了，从只有几度电到几十度电，都是利用车子刹车下坡等时候回收的电能充电，还有就是有条件的时候用充电桩补电。

至于刚才设想的标准的可更换的电池组的容量，假设现有条件下最大可能只有30度电的容量，没关系，先用起来再说，可以在今后的科技不断进步的时候逐渐提升容量密度，最终可能翻倍甚至更多，会自然解决。这给了做电池看得到的目标，都知道怎么做了。",0
820,25036,91006,2019-05-10 05:35:33,176011,Jamesau,"至于电池组的外形尺寸和大小，还有安装部位，其实是没啥选择的，只能从家用汽车的共性，比如通用宽度和通用长度里面选取，不可能还有其它规格尺寸的。

首先，确定安装部位，非得车底盘下面不可，唯有这个位置重心低和处于车体中间，其它地方都满足不了。

拿小型车的宽度与前后轴之间的长度，得出一个三维尺寸，以此为基准设计出统一外形的电池组，作为互换的标准。

各车厂根据车的大小另外内置电池组，发的电首先满足它。",0
821,25035,91006,2019-05-10 05:22:53,176011,Jamesau,"至于很多人心想的电池性能不一样，电机不一样，每个厂都有自己的特异功能，祖传秘方，所以没法统一。这是惰性思维，没从深层次考虑的结果。

一个电池组的功能就是提供电能，只要电压，容量，内阻，放电倍率都确定(启动时的过载系数)，还有啥要考虑的？如同你在家里用电，还会分水电核电火力发电的吗？

前几天看到比亚迪等车厂要推销自己的电控平台，这正证明了电池组是可以标准化生产，平台可以兼顾其它工厂生产的电池组。",0
822,25034,91006,2019-05-10 05:09:19,176011,Jamesau,"充电桩模式还有一个致命缺陷，除了占用公共区域的空间，效率不高之外，零星分部的充电桩很难维护保养，各类毛病都会出来，甚至有触电危险。

为何问题很多的充电桩模式照样受到吹捧？这其实是电动车厂的一己私利弄出来的，人为的搞成各种外形内置在车内，成了专有品，以后维修保养啥可以继续赚钱。假如电池组有统一标准，可以互换，特斯拉还装啥逼？

车同轨，书同文，电池组的标准: 外形统一，端口统一的那天迟早会来。",0
823,25033,91006,2019-05-10 04:53:11,176011,Jamesau,"再怎么吹都掩盖不了充电桩模式的致命短板 －充电等待，九次充电花了9个多小时，平均每次充电要1个小时。相比于换电模式的平均每次3分钟，九次换电总共才27分钟，半个小时都不到。

80多度电的电池组的重量最起码也得650公斤吧？大致相当于8个亚洲成年男性的重量，假如用一个40度电的电池组，死重去掉一大半，续航里程稍微短些，换电10次，也就30分钟。

别扯反正要休息这类话，假如前面有车在充电，怎么办？",0
824,24597,90509,2019-04-29 09:04:06,1846,00,观望,0
825,24384,90260,2019-04-23 16:45:40,22367,浙EV·RD9033,搞100公里加速需要几秒的都是吃饱了撑的，老百姓还是要看看价格实惠，话说北京人就是有钱，十万的车，原来是占号的。,0
826,24383,90260,2019-04-23 16:39:50,176011,Jamesau,"又不是赛车，有谁吃饱了嫌钱多缴罚款？启动速度弄那么高干嘛？带来的问题倒不少，线要加粗，保护板通电功率加大，。。。，能不能实在一点，别忽悠老百姓行不行啊。

电动汽车的致命伤却都不见你们聊，比如充电等待这个致命伤，哪怕最快速的充电桩也对其无可奈何。

几分钟内能快速100%的补充能量的方案才能使潜在电动汽车的用户心动，否则里程焦虑永远伴随着你，充电等待折磨你，使得大家静观不出手，撑死市场没人要。",0
827,24238,89896,2019-04-19 12:54:43,193101,cquptlg,比亚迪的设计越来越漂亮了,0
828,24246,89893,2019-04-19 18:27:40,185951,9527,没有量产没有市场验证，都是纸老虎,0
829,24212,89872,2019-04-18 15:43:20,43,Jackiehjm,小编今年是不是25岁？,0
830,24186,89872,2019-04-18 08:36:45,171886,小刚哥,说好的更新呢？作者不要太监！！！,0
831,24183,89872,2019-04-18 07:08:54,185788,秦时元明月,嗯，车模美可以多卖车,0
832,24154,89872,2019-04-17 13:36:05,163580,邓娅,陈老师，可以的,0
833,24048,89721,2019-04-14 11:27:02,31848,李 晶波,这样粗劣的高位刹车灯和难看的外露的尾门铰链目前也只有低端的老年代步车才采用！ 比亚迪真是低估消费者的智商！脑子进水了的才会花七八万元买个这样的车，外观还不如三四万元的低速电动车漂亮,0
834,24047,89721,2019-04-14 11:21:44,31848,李 晶波,"比亚迪把早就过时淘汰的比亚迪F0拿来改电动，原来3万元的车价格马上翻一番。 59900的低配的甚至连屏幕都没有。 拿了国家补贴那么多补贴，价格还要比燃油版贵一倍，不厚道！
坐在后座的感觉就是蹲着，后面深陷下去
这车很多方面都远远不如欧拉R1，它只能和众泰云100来比",0
835,24029,89721,2019-04-13 13:48:57,171886,小刚哥,作者能说下上下车的感受么？        前两天去店里静态体验过，呵呵，上车的时候感觉脖子要断了....车虽小，底盘不低，整车高度1500mm，可以想象下上下车给你的空间有多大~~~而且，座椅也很不舒服啊，前排的头枕设计的跟个墓碑似的，好意思么？,0
836,24025,89721,2019-04-13 11:14:15,35578,道德经,是不是又是交定金不给车吧，元就是那样子，老子的元360年前不给车到现在不退定金，奶奶的腿,0
837,23917,89584,2019-04-11 09:52:04,152874,AI,丰田就没出过像样的电动车，这样的混动车型就是个昂贵的工业毒品，实在垃圾,0
838,23729,89336,2019-04-07 06:14:37,176011,Jamesau,软文😓,0
839,23699,89336,2019-04-05 09:30:02,192112,156****5528,800ML摩托百公里得6升油以上,0
840,23661,89266,2019-04-04 12:01:09,185279,wx_小亮_-901320410,一般,0
841,23644,89266,2019-04-04 09:42:08,171877,野马,这篇很中肯,0
842,23641,89266,2019-04-04 09:23:36,43,Jackiehjm,不止内饰素，电脑里都没有车载地图，表示很尴尬,0
843,23635,89266,2019-04-04 09:07:45,1846,00,很萌的车,0
844,23749,89233,2019-04-07 21:12:36,36339,国人民车,"继航还得看奇瑞小蚂蚁和5e，几乎1：1。
这款车噱头在名字上，外观，不到一个月自己会审美疲劳，不像高速电动。",0
845,23621,89233,2019-04-03 17:35:18,4199,扫地僧,车有个性 但是好丑,0
846,23612,89233,2019-04-03 15:09:44,43,Jackiehjm,打开ECO呗……不上高速的时候 用限制速度到70迈，上高速调到标准，这样根本就不费多少电,0
847,23581,89140,2019-04-03 09:11:57,4199,扫地僧,真实情况是：燃油车指标是可以购买新能源车的，如果你不计较纯电车保值率低，买一辆开上一段时间，卖了它再重新购买燃油车，是完全没问题的。   这个干货了,0
848,23575,89140,2019-04-03 07:35:23,187813,雪碧,综合续航升级到600以上，实际续航够500，充电功率能有个80-100kw，再卖个30万价位，这车基本就无敌了。,0
849,23546,89140,2019-04-02 13:22:16,179338,Model 3,漫威最牛逼的是2年时间，把当初概念车造出来了。像当初的vv7一样。但是真的值那么多钱么？等到2020年补贴取消，特斯拉国产。比试一下吧,0
850,23533,89140,2019-04-02 09:37:55,30546,陕EV·KHO7O9K1,不知道MARVEL X销量怎样，这种车对有钱人说是玩具，追求品质，追求豪华；对我等而言，电动车是工具，在满足出行需求的同时，还要有一定品质。我已经买过253版本帝豪EV，准备换一辆长续航的，但肯定不选它。如果没有限行限购，不知道有多少人会买电动车。,0
851,23532,89140,2019-04-02 09:34:44,21866,望E兴叹,这个车 续航，电池容量对得起他的价格吗,0
852,23561,89001,2019-04-02 17:02:52,43,Jackiehjm,好吧， 多家供应商 提供的电机  不知道保时捷采用的是哪款， 点赞  点赞,0
853,23375,88991,2019-03-29 19:31:02,43,Jackiehjm,国产第一,0
854,23374,88991,2019-03-29 19:30:27,43,Jackiehjm,今年买了奇瑞瑞虎，体验不错！,0
855,23399,88933,2019-03-30 14:24:32,176011,Jamesau,这类车不用补贴也可以卖到1万，还照样赚钱，一个30度电的电池组也就3万人民币足够。余下的2万做整车，还有一万做推广费用。还有一万赚钱。,0
856,23365,88933,2019-03-29 13:39:54,171886,小刚哥,这小车都上HUD了，牛逼哇,0
857,23358,88933,2019-03-29 12:01:52,187431,爬猫猫猫lc,期待在三四线城市创造奇迹,0
858,23346,88933,2019-03-29 09:49:54,32199,闽EV·HP17T988,这HUD抬头显示弄个中文这么难？,0
859,23345,88933,2019-03-29 09:44:30,185951,9527,宝骏E200，260公里续航，4.68万，城市代步首选,0
860,23342,88933,2019-03-29 09:12:30,1846,00,不错，入门级的首选,0
861,24994,88875,2019-05-08 19:11:55,179175,贵EV·WM13G3P2,"看来小编对这车的续航逻辑并不清楚啊。每次充满电，或者说这车实时显示的剩余续航里程，是根据上一个时段平均耗电水平来计算得出的，所以假如在充满电之前的一段驾驶耗电很省的话，满电续航甚至会大于338km。
大家在评价电动车时很大程度只关注续航里程，貌似被以前的补贴政策带偏了，续航长，补贴多，因此不少车厂拼命堆电池，加续航。相信今年补贴政策大大退坡，今后这种现象会大大减少。
还有，目前我们多数家庭只有一辆车，需要适应各种各样的使用场景，因此续航确实是刚需。却忽略了，现阶段电池技术水平，综合来看，决定了电动车主要还是适合短途使用，或者适合日常通勤使用。长途使用还不是长项。要是考虑到这一点，300km左右的续航是满足大多数通勤使用的。
快充时间短、电流大，带来长途便利的同时，对电池寿命不可能没有影响。充电这一点，只能说日产综合考虑做了必要的平衡。还是回到使用场景，对于通勤为主来说，慢充足够了，快充速度低一点根本不是问题——我是这车的第一批车主，到现在充了一百多次电了，只有五一小长假去承德才在高速上用了大约3、4次快充吧，每次基本30分钟左右，电流最大到过119A。",0
862,23334,88875,2019-03-29 07:35:44,187813,雪碧,这车就是个笑话，续航只有300左右，同等价格的国产车续航都在400以上，而且没有电池加热，冬天充电只有几A，充一次电3小时起，要空间没空间，要智能没智能，看上这车的图什么？,0
863,23134,88643,2019-03-26 03:06:29,185788,秦时元明月,市面上的所有续航里程能达到虚标的2/3就不错了。,0
864,23068,88643,2019-03-24 10:50:35,185279,wx_小亮_-901320410,能活下去吗？,0
865,23069,88643,2019-03-24 10:50:35,185279,wx_小亮_-901320410,能活下去吗？,0
866,23062,88643,2019-03-24 09:17:19,1846,00,很一般的车,0
867,23787,88286,2019-04-08 16:58:50,10411,千里马,电机功率和老款秦先比，不知为何减小了？,0
868,22617,88185,2019-03-16 16:29:21,1846,00,"在充电过程中，车内显示的充电电压为405V，充电电流为5A，功率在2千瓦左右。按照电池容量35度计算的话，从0%充至100%需要17.5小时。这个速度对于采用随车充电盒来充电的方式来说已经很快了。
我的天，17.5小时，还快？？？",0
869,22445,87726,2019-03-13 08:25:44,1009,九天尘埃,下面这一串集中在13点半到14点的评论，都是约好的一起上来留的么？还是作者微信群发链接了？？,0
870,22376,87726,2019-03-11 14:14:28,33519,右耳边的幸福,跑风太好看了，北汽的设计结合更多高科技了。,0
871,22375,87726,2019-03-11 14:11:10,176123,秀萱金芷,经得起考验的车，在这样路上行驶自如啊。,0
872,22374,87726,2019-03-11 14:07:59,176203,雅蝶禹毅,好看的车型设计，支持北汽新能源，相信越做越好。,0
873,22373,87726,2019-03-11 14:06:04,33518,傻瓜a,车型的设计也很时尚，蛮让人喜欢的哦~,0
874,22372,87726,2019-03-11 14:02:25,176294,Blue22槿槿,支持国产车在自主产品中越做越强大。,0
875,22371,87726,2019-03-11 14:00:04,176280,无赖infi,使用新能源这样的车子会带来节能的经济。,0
876,22370,87726,2019-03-11 13:57:20,176279,lisa小思,品牌形象看北汽新能源的车，太吸引车友了。,0
877,22369,87726,2019-03-11 13:53:17,176215,秀琪蓝芳,国产也不断推出新能源产品，看来这车会走进千家万户了。,0
878,22368,87726,2019-03-11 13:50:30,33537,心裂肺,好期待能早日也开上这辆车，节能又环保的车子。,0
879,22367,87726,2019-03-11 13:47:30,176113,焱竣固军,看来这车对用户来说是很经济实用的了啊。,0
880,22366,87726,2019-03-11 13:43:52,176278,黄瓜VinceZ,了解这款车，它的优势很强，经济性让选择不错。,0
881,22365,87726,2019-03-11 13:40:26,176291,名号Magic,很符合现在生活的一款车，节能又经济。,0
882,22364,87726,2019-03-11 13:35:46,176122,秉捷子健,亲身了解一下这车子的各项还是不错的，纯电还得选北汽啦！,0
883,22363,87726,2019-03-11 13:31:19,33536,唱沵唱不懂旳歌,自主生产的这车，亲民的选择还是不错的啊！,0
884,22362,87726,2019-03-11 13:30:10,176277,TVIK幕组,随着新能源车的出现在很多优势还是可以让用户享受节能的。,0
885,22361,87726,2019-03-11 13:26:10,33534,撕心裂肺的哭,享受新能源的车，带来的方便就是好，期待~,0
886,22352,87726,2019-03-11 10:51:16,21866,望E兴叹,"EU260和EC200这类五年前诞生的车型  大哥你是在搞笑吗？？？？？？

北汽新能源EU260是北京汽车于2015年11月底正式推出的
EC200 2017.08上市",0
887,22288,87525,2019-03-09 10:36:52,10411,千里马,在中国建厂，中国提供土地，银行提供贷款，卖车赚中国人的钱，再把资金流返回美国——这生意做的！,0
888,22194,87525,2019-03-07 05:05:39,176011,Jamesau,特斯拉应该当做赛车卖，不属于日常生活中用的普通汽车。严重的带歪了电动汽车的发展方向，失去了节能减排省电的原来意义。一句话，是那些喜欢缴智商税的家伙用的装逼神器。,0
889,22181,87525,2019-03-06 16:12:04,163580,邓娅,要求上传后半部分分黑屏的小视频,0
890,22163,87525,2019-03-06 11:43:35,24785,吉EV·L8GFF2,小编：es8单电机最大功率240kw，秒杀你这210kw！,0
891,21320,86617,2019-02-12 09:47:08,185099,摇不到汽油号,写软文，太假了，采访一下真实用户吧。EU5不是在修车，就是去修车的路上,0
892,21278,86617,2019-02-07 08:44:40,12970,EV_14788978488051,性能全面落后于比亚迪唐ev600,0
893,21255,86617,2019-02-04 10:20:01,180844,周建业,自家有可充电的车位；另外还有一辆最最普通的燃油车；电车只用于在附近城镇遛哒，这样老年代步车也没有里程焦虑，换个好点的外壳就好！哈哈！,0
894,21252,86617,2019-02-03 22:50:45,151480,爱吃皮皮虾,不争气的北汽，扶不起的阿斗，剩下的只有吹牛逼了！,0
895,21250,86617,2019-02-03 14:02:51,176011,Jamesau,不解决几分钟内搞定能源补充的问题，里程焦虑就一直如影随身。,0
896,21244,86557,2019-02-02 21:10:11,36068,冀EV·ST27QBD5,猪头凭什么值这个价？,0
897,21233,86557,2019-02-02 04:29:14,176011,Jamesau,"按生产成本为0.7元/瓦时来算，一个60度电的锂电池组是6万瓦时，成本是4.2万元，加上各种保护电路通信接口电池外壳等，成本算4.5万足够。至于驱动用的无刷电机里面的转子定子都是传统的器件，加上驱动电路板也没多少钱，几千元一个也足够，其它部件也是如此，估计12万卖出来利润也挺高的了。

造一辆车的主要成本应该是设计和模具成本，生产设备，专用夹具和组装。但在大批量生产的条件下分摊后也值不了多少钱。",0
898,26503,85942,2019-06-18 16:48:32,171915,clark,好车,0
899,20738,85942,2019-01-17 04:14:23,183101,酷马酷么？ʕ•̫͡•ིʔྀ熊熊,挺稳的。初段加速还行。80左右以后就惨了。制动距离很糟糕。差不多这意思吧。,0
900,20731,85942,2019-01-16 21:22:40,4199,扫地僧,我想和比亚迪的水军说句话   评论能走点心不,0
901,20723,85942,2019-01-16 20:28:16,176202,雪燕支宁,外观还是挺不错的吸引了不少人,0
902,20721,85942,2019-01-16 20:23:56,176298,柯柯Com,12.8英寸可旋转中控大屏这么大看来是很多车都不能做到的,0
903,20717,85942,2019-01-16 20:20:06,176196,光贵汝雁,现在很支持绿色出行，节能环保了。,0
904,20712,85942,2019-01-16 20:15:07,176192,榕骏求升,其实这款比亚迪秦Pro在享受 * 补贴后很划算,0
905,20710,85942,2019-01-16 20:14:13,176277,TVIK幕组,秦Pro这款车的的科技气息也比较浓郁,0
906,20709,85942,2019-01-16 20:12:21,176286,幽冥Sukie,很满意这款车的综合靓丽,0
907,20701,85942,2019-01-16 20:01:52,176283,丁丁猫TonyChan,这款车子外观很大气，不错，值得入手,0
908,20696,85942,2019-01-16 19:55:37,176287,亲着木颖,比亚迪秦Pro一直是我关注的车型,0
909,20695,85942,2019-01-16 19:52:22,176289,婧邱Leinfinte,比亚迪秦Pro这车开起来还是很爽的,0
910,20691,85942,2019-01-16 19:46:50,33551,我的天呐,比亚迪秦Pro这车非常有辩识度,0
911,20687,85942,2019-01-16 19:38:19,33544,我家的傻小子i,科技感满满 ，很值得期待的一款车型,0
912,20685,85942,2019-01-16 19:35:04,176284,kings348地上城,现在比亚迪秦pro已经陆续到店，想要体验的朋友可以抓紧,0
913,20681,85942,2019-01-16 19:27:17,33530,ve依赖你,这么底的价格，值得购买，我回家给我老婆商量下，也是看看,0
914,20680,85942,2019-01-16 19:25:44,176293,Amandashan逐风,这款车空间大，车身比较轻，省油节能。,0
915,20678,85942,2019-01-16 19:24:16,33526,三落四不丢你,对比亚迪秦Pro这样的车型也非常有吸引力,0
916,20676,85942,2019-01-16 19:22:35,176214,佳柔韵利,这款秦Pro燃油版侧面也同样是沿用了插电版的设计,0
917,20673,85942,2019-01-16 19:21:58,176096,立荔星君,比亚迪的品牌在国内的口碑是非常好的,0
918,20255,85564,2019-01-09 10:00:33,1846,00,高价低能。,0
919,20172,85523,2019-01-07 13:48:47,30500,Model Y,可以的wey,0
920,20166,85523,2019-01-07 09:27:24,32199,闽EV·HP17T988,可惜北京得用油牌子买,0
921,20033,85285,2019-01-02 16:34:47,175446,定,比亚迪宋max也是插电混动旅行车吧,0
922,20032,85285,2019-01-02 16:29:48,4199,扫地僧,说的不错 车不错 我买不起,0
923,20028,85285,2019-01-02 16:04:27,30500,Model Y,wagon,0
924,19762,84600,2018-12-25 08:36:27,35768,Darian,很郁闷很多电动汽车充电接口都在车辆左侧，路边有个充电桩的时候非常难用。,0
925,19755,84600,2018-12-24 18:08:45,3,电动汽车知识官,没开过 不知掉GSe续航怎么样 外观内饰是没问题的,0
926,19750,84600,2018-12-24 17:03:09,182081,wx_笑颜如花_-484651323,关注新能源汽车,0
927,19747,84600,2018-12-24 16:47:18,174751,魔免的小兔几,北京冬天电动车开空调续航里程基本是NEDC标称的一半或60%，353续航砍一半就是175左右,0
928,19889,84622,2018-12-27 23:03:19,182363,李十七,"由于威马汽车出现了交付困难，产品缺陷等问题，有一大部分消费者选择了退订，而经过随后的交流中，发现这些退订的消费者有80%的第二意向选择了小鹏汽车。
这句话，我觉得很有意思
第一个是大家其实看好威马多于小鹏
第二个是威马有问题才去找的小鹏
第三这个80%能告诉我你是问了10个退订单的有8个去了小鹏还是？没数据的话就别乱说
新能源汽车公病就是小毛病，小鹏的车我从ota升级60多次同样看的出来",0
929,19761,84622,2018-12-25 08:13:37,165182,百度智能小程序,火了过后，马上改名。。。,0
930,19704,84622,2018-12-24 12:12:53,182094,涼汗,能换个名字？？？,0
931,18277,82131,2018-11-26 14:38:00,36059,吉EV·XIBJQLO6,开了快半年了，续航、操控、舒适性都很满意。,0
932,18276,82131,2018-11-26 14:37:23,34920,一柱顶天,北汽新能源EX系列品质都挺好的，新款EX360也是非常棒的,0
933,18275,82131,2018-11-26 14:28:05,32516,EV86,夏天续航还行，开空调对续航影响不是很大。冬天的话不是空调，是制热模式,0
934,18274,82131,2018-11-26 14:25:31,32516,EV86,冬天开制热，耗电量肯定大增，怎么没有消耗多少啊,0
935,18273,82131,2018-11-26 14:25:19,34918,大V哥,颜值很高，续航很长，家用最实在的纯电SUV。,0
936,18272,82131,2018-11-26 14:21:28,34917,小兔兔红扑扑,纯电动汽车是未来的大方向了，希望越做越好，取代燃油车。,0
937,18271,82131,2018-11-26 14:17:25,34916,红骷髅,新能源节能环保，希望大家多多支持哈,0
938,18270,82131,2018-11-26 14:14:03,34915,春水向东流,同级别续航最出色，8万纯电车型中续航冠军。,0
939,18269,82131,2018-11-26 14:06:22,34914,落泪了,补贴后价格好亲民，北汽新能源不愧是纯电动汽车的领航者，新款车型性价比总是最好的。,0
940,18268,82131,2018-11-26 14:03:53,34911,绝地逢生,都说纯电还得选北汽，说的很对~,0
941,18267,82131,2018-11-26 14:00:38,34912,人生哪有巅峰,同价位纯电SUV中续航最好的车，没有之一,0
942,18264,82131,2018-11-26 13:55:01,34910,北京一夜一夜,8万不到就有这么好的续航真的非常厚道的车，赞，,0
943,18263,82131,2018-11-26 13:50:27,34909,陈先生,十万以内最好的纯电SUV了，性价比很高。,0
944,18262,82131,2018-11-26 13:47:44,34908,球球玩球球,空间不能说特别大，不过同级车中的确是有优势的，家用足以。,0
945,18260,82131,2018-11-26 13:20:44,34907,皮卡丘,作为新时代国民车，EX360性能配置都很亮眼了。,0
946,18259,82131,2018-11-26 13:14:52,23931,三分归元气,这车上市好几个月了吧，销量口碑都挺好的,0
947,18258,82131,2018-11-26 13:09:52,23783,黑色的黑,家用足够了，毕竟价格摆在那，同价位车型中还是非常出色的,0
948,18257,82131,2018-11-26 13:06:09,23782,一半卡住了,EX360耐低温性能很好啊，可以在零下三十多度环境中正常行驶和充电。,0
949,18219,82131,2018-11-26 09:03:18,176864,陆地飞行官,没有电池热管理系统，冬天这车就是个玩具车,0
950,786,43505,2017-09-04 07:58:36,4199,扫地僧,续航太虚,0
951,19525,84146,2018-12-19 18:04:50,179096,时光,说的那么牛逼，把你这车先在 零下25度高速120迈全程26度暖风状态下，测下你的实际续航再说，别动不动就拿实验室理想数据糊弄老百姓！！！骗补行为可耻！！！虚假续航里程可耻！！！,0
952,19451,84146,2018-12-18 17:59:22,30500,Model Y,顶配是18.99,0
953,19445,84146,2018-12-18 16:57:01,10411,千里马,电机功率似乎比老款小了，为何？,0
954,19432,84146,2018-12-18 14:01:54,40,小旮,是等速法500，不是NEDC,0
955,19388,84146,2018-12-18 10:43:30,4199,扫地僧,颜值可以,0
956,19029,83594,2018-12-11 16:43:40,30500,Model Y,666,0
957,19070,83483,2018-12-11 20:56:58,176286,幽冥Sukie,比亚迪唐的车内饰看起来还不错,0
958,19067,83483,2018-12-11 20:48:10,176149,必平书娅,大屏也只有全新比亚迪唐有了,0
959,19065,83483,2018-12-11 20:43:20,33488,仅有的幸福,在外观方面，新款车型采用了家族式的设计语言,0
960,19064,83483,2018-12-11 20:42:29,176239,菊秀兴,全新一代唐在车身尺寸方面有所提升,0
961,19060,83483,2018-12-11 20:39:16,33540,小妞我娶你,比亚迪唐的大屏设计的很任性化嘛,0
962,19059,83483,2018-12-11 20:38:40,33530,ve依赖你,这款车的中控看起来很时尚，也很华丽还实用,0
963,19057,83483,2018-12-11 20:37:32,33516,吃醋心酸i,全新一代唐所搭载的智联系统，非常让我们惊艳,0
964,19055,83483,2018-12-11 20:34:13,33544,我家的傻小子i,内室的空间还是蛮大的，视野也很宽阔，良心车啊,0
965,19052,83483,2018-12-11 20:29:21,33514,吃醋心疼i,多功能方向盘做的很人性化，增加了汽车行驶中的实用性,0
966,19050,83483,2018-12-11 20:23:27,176093,远晨银勇,感觉全新一代唐这车的设计很精致,0
967,19047,83483,2018-12-11 20:22:08,33526,三落四不丢你,混动版还不错可以用电可以用油,0
968,19046,83483,2018-12-11 20:21:04,176091,关赋爱莹,2.0T的发动机动力妥妥的，开习惯了以前那台2.0L自然吸气的起亚智跑，再来驾驶这款大排量中级SUV，哇，这感觉真不是盖的。,0
969,19044,83483,2018-12-11 20:17:13,33569,加载中,看好这款车的销量，这么好质量的车子，价格还是比较合理的,0
970,19042,83483,2018-12-11 20:15:34,176284,kings348地上城,比亚迪的配置方面都挺不错的。,0
971,19041,83483,2018-12-11 20:11:33,33521,丢三落四不丢,其实我买这款车的原因有很多，外观好看，配置齐全这都是实打实的，不需要再去多说什么了，我估计这两方面也没人能提出异议吧？,0
972,19040,83483,2018-12-11 20:10:34,33567,自己的旧年旋律,个人很喜欢这款车子的外观，很炫酷，科技感很强烈,0
973,19038,83483,2018-12-11 20:04:54,176283,丁丁猫TonyChan,侧身车型一般修长，很有线条感，有着比较好视野合操控感,0
974,19036,83483,2018-12-11 20:02:23,33509,幸向右,空间看起来真的是很宽裕，真正的超大空间了,0
975,19034,83483,2018-12-11 19:58:32,33550,离黄钻用户,这款车子外观很漂亮，空间利用性很大，很给力,0
976,19033,83483,2018-12-11 19:57:44,33506,怨言无用,尾部的设计挺有心意的，平滑的设计感更加大气,0
977,19119,83489,2018-12-13 09:23:28,36531,rock&worm,拿他跟比亚迪比就像拿苹果手机跟安卓手机比一样，安卓手机配置好，功能多，还能换电池，不过苹果系统更稳定。买个不是成天比谁百米加速高，续航里程大，而是综合使用感受及产品附加值,0
978,19030,83489,2018-12-11 16:52:49,30500,Model Y,"1. wltp可以
2. 热泵可以",0
979,19016,83489,2018-12-11 13:07:00,151480,爱吃皮皮虾,上面的评论里一帮意淫高手，让别人看了笑话去，,0
980,19015,83489,2018-12-11 12:37:53,40,小旮,看了一下纸面数据，都很一般，电池的能量密度更是落后，随着国产车AI交互的普及，和将来L4以上级别自动驾驶系统的普及，BBA和Tesla估计也就当个鲶鱼。这车国产后如果售价进不了45W，估计够呛。,0
981,19013,83489,2018-12-11 10:57:35,12970,EV_14788978488051,唐EV600也许本月可提车，到2019年也许比亚迪纯电动汽车续航超600公里了，奥迪恐怕永远赶不上比亚迪的节奏。,0
982,19012,83489,2018-12-11 10:54:51,12970,EV_14788978488051,唐EV600售价26-36万元。,0
983,19011,83489,2018-12-11 10:53:45,12970,EV_14788978488051,你不用担心，这车不是比亚迪唐ev600对手，比亚迪唐EV600纯电工况续航520公里，百公里加速4.3秒。这个车遇到唐EV600也会老老实实。,0
984,18752,83028,2018-12-05 15:44:25,9284,wx_car1,好车,0
985,36991,82999,2019-12-18 14:41:02,206190,陕EV·MBRON044,工况301KM，冬天能开270KM？？？太能吹了，春夏秋能开270KM还差不多，冬天顶多也就200KM，还是在不敢开空调的情况下,0
986,18827,82999,2018-12-06 19:40:38,151480,爱吃皮皮虾,三电全被瑞虎480秒杀，没啥卵用的配置吹的一个比一个牛逼。敢不敢跟480比比谁硬？分分钟弄死你,0
987,18801,82999,2018-12-06 07:34:15,179096,时光,工信部的续航里程水分越来越大,0
988,18791,82999,2018-12-05 21:07:06,180226,186****2680,pr都是吹🐂,0
989,18781,82999,2018-12-05 18:33:45,180527,里德尔,为了省一点点暖气电耗，花这么大代价 ； 直接采用发动机余热挺好的  PHEV有必要上热泵/PTC吗？,0
990,18753,82999,2018-12-05 16:05:50,180654,不插电EV,真是大言不惭，国内首款使用热泵空调的车是长安cs75phev,0
991,18725,82999,2018-12-05 12:39:28,174751,魔免的小兔几,但是这车后悬是板车悬挂，在四儿子店亲眼看见的,0
992,18714,82999,2018-12-05 10:05:37,180627,wx_周小健_1473321372,工信部续航里程信不的,0
993,18651,82463,2018-12-03 11:11:10,174751,魔免的小兔几,电池比较小，续航比唐EV差点，但是能耗水平真的优秀，实测开空调和不开空调平均能耗差别大约只有1kwh/100km,0
994,19526,82559,2018-12-19 18:05:30,179096,时光,说的那么牛逼，把你这车先在 零下25度高速120迈全程26度暖风状态下，测下你的实际续航再说，别动不动就拿实验室理想数据糊弄老百姓！！！骗补行为可耻！！！虚假续航里程可耻！！！,0
995,18366,82260,2018-11-28 08:57:20,175933,我本天真无邪,某些企业的自嗨评选...有意义么,0
996,18327,82260,2018-11-27 10:47:31,30500,Model Y,253？,0
997,18315,82260,2018-11-27 09:15:15,180117,137****8571,我想问一下，慢充9小时，是多少千瓦的充电器，随车送的充电线20多个小时才能充满,0
998,18288,82135,2018-11-26 20:29:56,174751,魔免的小兔几,可算知道为啥有人买这车了，无框门+对开门还挺高级的，但是织物座椅有点过分啊,0
999,18245,82135,2018-11-26 11:58:11,4199,扫地僧,车是不错,0
1000,37296,81766,2019-12-25 14:06:44,206548,蒙EV·M7ITHAA3,很不错,0
1001,18074,81766,2018-11-22 09:37:20,6954,新能源车,"三元电池的安全性本人始终保有疑问，
不是针对哪一家，
还是磷酸铁锂好",0
1002,18073,81766,2018-11-22 09:35:26,6954,新能源车,，，，，，，,0
1003,18072,81766,2018-11-22 09:34:31,6954,新能源车,很少看见，从电池的安全性来分析的文章，,0
1004,18063,81766,2018-11-22 09:08:01,176864,陆地飞行官,不知道续航会不会虚,0
1005,18047,81766,2018-11-21 20:53:14,176143,茂庆韵怡,这款车子还是蛮不错的，技术含量很高，配置也是很好,0
1006,18046,81766,2018-11-21 20:51:34,33556,那是完全的覺悟丶,车身线条流畅，挺适合女生开的,0
1007,18044,81766,2018-11-21 20:49:33,176239,菊秀兴,做工还算精致，外形也是挺漂亮，总体来说很不错,0
1008,18043,81766,2018-11-21 20:48:50,33576,别拿我当逗比使,我觉得新款宋是一款外观时尚，年轻的车型,0
1009,18042,81766,2018-11-21 20:43:32,176238,秉捷革洲,这款全新比亚迪宋的确值得关注,0
1010,18041,81766,2018-11-21 20:42:50,176282,黎子爱单身,比亚迪的实力还是非常强的，车型也是非常不错,0
1011,18038,81766,2018-11-21 20:40:57,176154,利君颜欢,我觉得比亚迪宋的档杆造型非常的别致,0
1012,18037,81766,2018-11-21 20:38:43,33575,这是你惯用的方式,对全新一代宋上市这车很感兴趣,0
1013,18036,81766,2018-11-21 20:36:54,33577,最后的最后,侧身车型一般修长，很有线条感，比较有亲和力,0
1014,18034,81766,2018-11-21 20:31:44,176291,名号Magic,全新一代宋上市也证明了自己的实力,0
1015,18033,81766,2018-11-21 20:28:32,176142,玉轩静暖,比亚迪近几年的车型越来越受欢迎了，真的很好,0
1016,18032,81766,2018-11-21 20:28:09,176295,psy雅凡,现在比亚迪的的实力真的是很强的，真的很给力,0
1017,18030,81766,2018-11-21 20:26:49,176280,无赖infi,我觉得这车的语音助手功能很实用,0
1018,18029,81766,2018-11-21 20:24:06,176116,泽超景婕,这款车型做出了我们国家的工成就，支持起来,0
1019,18028,81766,2018-11-21 20:23:10,33552,mammiya,动力方面，这款车子在同级别中算是比较好的，可以考虑,0
1020,17919,80687,2018-11-20 14:36:45,176481,闽EV·USN62GF9,写的很详细，赞一个,0
1021,17393,80687,2018-11-14 09:16:59,7996,caesarliu8,"电机功率低，耗电自然就少，加速就上不去。最高速递也不会超过150，可能也就是129吧。综合工况包括用空调。
能走两百五就算好车！就是价格贵。如果不买这个车型，可以买两台同样续航的车了。",0
1022,17390,80687,2018-11-14 09:14:10,7996,caesarliu8,38度电能走那么远，如果是真的，应该说说这台车有多重！否则，1200多公斤的车也就是最多走250公里。如果按照性价比的话，算是性价比最低的类型车了。比比亚迪还要贵。,0
1023,17382,80687,2018-11-13 22:21:19,179175,贵EV·WM13G3P2,支持小编，我提轩逸纯电快一个月了，虽然开得不多，才1000来公里，但从自身感受来看，文中提到的续航完全是真实的。文末提到126+126，与厂家标定的338有80公里差距，没毛病啊。要知道，目前绝大多数纯电车高速续航都基本是在标称的综合续航基础上打6-8折。这款车满电纯高速跑200公里是符合预期的。,0
1024,17367,80687,2018-11-13 18:07:17,22852,zhang2017yi,还不错。虽出现了错误，但写得详细，不错。鼓励！！,0
1025,17315,80687,2018-11-12 23:53:14,179113,S.Wen,现在汽车编辑这么好当吗？126+126与338大致相同，我不知道是你背充值了还是数学学得不好，或是逻辑思维有问题，甚至是思想阴暗，故意颠倒黑白,0
1026,17310,80687,2018-11-12 19:25:26,178679,清风明月-1,这测试根本就是厂家雇来的，126+126＝338？数学已经超出全宇宙了，竟然说与NEDC大致相同！这车也就跑250公里左右，再加上你总得剩个30，50公里就不敢跑了吧，也就200公里左右。一般来说对于1500kg重的车基本是15kwh/100km，各个厂家技术差别不了哪里去，能差个1，2度电就很不错了。38度电大家自己算吧！,0
1027,17309,80687,2018-11-12 18:40:18,170870,鲜烈之龙,30%以后，电掉的飞快。,0
1028,17305,80687,2018-11-12 18:26:38,4199,扫地僧,没性价比,0
1029,17282,80687,2018-11-12 16:35:12,174751,魔免的小兔几,开了126公里，剩下126公里，所以真实续航就是126+126？？？这么业余的文章不要发出来了好吗？？你当读者都没开过电动汽车吗？,0
1030,17279,80687,2018-11-12 14:19:15,1011,北京电瓶老爷车,速度在80以上水分有点大，可以把平均速度贴出来，如果匀速110-120还是这个续航的话，那么质量是不错的。如果您匀速只是80以上，平均速度在80-90，那么国产很多车也可以达到这个标准的。,0
1031,17250,80687,2018-11-12 10:48:45,174721,if,功率太小,0
1032,19527,80579,2018-12-19 18:05:47,179096,时光,说的那么牛逼，把你这车先在 零下25度高速120迈全程26度暖风状态下，测下你的实际续航再说，别动不动就拿实验室理想数据糊弄老百姓！！！骗补行为可耻！！！虚假续航里程可耻！！！,0
1033,17240,80579,2018-11-11 18:56:18,179040,你说,这车我本来想买的，同价位对标小蚂蚁，空间大配置高，唯一的缺点…不好开…,0
1034,17239,80579,2018-11-11 17:48:14,152553,剑雨飘香,模特最好标注一下身高！,0
1035,18824,80511,2018-12-06 15:47:28,180717,藏EV·F8785FZ7,腾势500这款车凭借自己的实力说话，不得不说这车能拿到手确实是值了,0
1036,18823,80511,2018-12-06 15:45:13,40,小旮,腾势的超强续航能力和空间真的是要给个赞了,0
1037,18822,80511,2018-12-06 15:45:00,40,小旮,比亚迪和戴姆勒结合之下的这个超强天才，不仅专治了续航的焦虑症而且还很养眼的,0
1038,18285,80511,2018-11-26 17:54:08,179096,时光,这个车没有任何性价比。,0
1039,17435,80511,2018-11-14 21:13:05,179243,鸣垄会老孙,20里面可以考虑一下,0
1040,17235,80511,2018-11-10 20:03:05,174721,if,吃藕,0
1041,17230,80511,2018-11-10 10:48:42,177349,wx_超_-1504424992,二三十万买这么丑的车，为啥不买唐呢,0
1042,17228,80511,2018-11-10 08:45:41,4199,扫地僧,车不错 可惜贵,0
1043,18031,79199,2018-11-21 20:27:04,179390,186****5720,还是没有测试满电量能跑多少公里？,0
1044,16687,79199,2018-10-30 14:05:11,4199,扫地僧,这车 得 多少钱,0
1045,16624,79199,2018-10-29 14:17:56,30500,Model Y,求测秦pro EV,0
1046,19528,78955,2018-12-19 18:06:32,179096,时光,说的那么牛逼，把你这车先在 零下25度高速120迈全程26度暖风状态下，测下你的实际续航再说，别动不动就拿实验室理想数据糊弄老百姓！！！骗补行为可耻！！！虚假续航里程可耻！！！,0
1047,17253,78955,2018-11-12 11:39:29,174721,if,软文,0
1048,17989,78402,2018-11-21 12:58:34,179390,186****5720,续航方面怎么不测试,0
1049,17252,78402,2018-11-12 11:28:28,174721,if,服务太差了,0
1050,16304,78402,2018-10-22 10:26:05,10411,千里马,文章写得好！,0
1051,16275,78402,2018-10-21 15:16:05,170214,TMC动力,非常详细的文章。,0
1052,16158,78402,2018-10-19 11:43:31,174751,魔免的小兔几,稍微选了一下配置要23万4千。。emmmmmm,0
1053,16146,78402,2018-10-19 09:19:34,176864,陆地飞行官,黑马，好多配置都是需要加钱的，档位很多，主要是还有电池安全问题！,0
1054,16140,78402,2018-10-19 08:36:08,177264,A慧铭*无限,黑马🐴,0
1055,16128,78402,2018-10-19 04:11:44,151803,吉EV·QM1X52R3,已经快凉了,0
1056,16076,78402,2018-10-18 14:11:14,176759,15559555210,好,0
1057,16071,78402,2018-10-18 13:19:52,176737,AA聚马新能源市场经理杨正青,到店试驾了才知道,0
1058,16058,78402,2018-10-18 10:53:20,30500,Model Y,”可以自由选择电池供应商“ 不行了吧,0
1059,16041,78402,2018-10-18 08:18:36,4199,扫地僧,有买的用户吗 分享下用车心得,0
1060,15457,77177,2018-10-05 17:32:15,176252,晋EV·G93NDKC2,出来工作也有些年头了，一个人在外面的确不容易，每天上班搭公交，每次回家坐长途，真的很累，驾照考出来都两年多了,0
1061,15455,77177,2018-10-05 17:29:20,176252,晋EV·G93NDKC2,出来工作也有些年头了，一个人在外面的确不容易，每天上班搭公交，每次回家坐长途，真的很累，驾照考出来都两年多了,0
1062,15454,77177,2018-10-05 16:40:34,176252,晋EV·G93NDKC2,这个评测很好,0
1063,15054,76864,2018-09-20 10:00:57,172201,132****4269,时尚,0
1064,15053,76864,2018-09-20 10:00:21,172201,132****4269,换礼品喽,0
1065,14980,76864,2018-09-17 09:08:13,30546,陕EV·KHO7O9K1,中控屏、方向盘、档把，完善一下就比较完美了,0
1066,14947,76864,2018-09-14 15:29:56,32445,冀EV·UP0LKQO3,宋DM电池包17度，续航80km，唐DM电池包20度，续航80km，这个电池包62度，怎么算出来500km续航的？,0
1067,15111,76830,2018-09-23 20:11:49,175589,153****6838,产品力够，品牌力不够，定价太高,0
1068,14961,76830,2018-09-15 18:59:43,33763,谭香山,定位有点高，价格有些高，车还是不错的。,0
1069,14952,76830,2018-09-15 09:07:24,172199,辽EV·NDYW7MS0,目前国产纯电车型里，也就荣威的车看上去不像电动大玩具。,0
1070,14945,76830,2018-09-14 12:52:37,151011,黑EV·NVNVSUV0,吃了国䃼吃用户,0
1071,14842,76584,2018-09-10 12:36:14,174680,176****6018,新疆那种地方怎么充电？😂😂😂,0
1072,14836,76521,2018-09-10 11:11:11,32516,EV86,1.空调风量几挡，温度是多少，几个人乘车，请详细说明下  2.110公里的预计和154公里的里程差别在哪里啊 3，电量显示百分比怎么回事，现在不是都取消了吗，什么时候测得,0
1073,14835,76521,2018-09-10 10:04:44,32516,EV86,电量显示百分比不是已经取消了吗,0
1074,14756,76464,2018-09-07 17:07:43,33530,ve依赖你,比亚迪是国产汽车，而且现在发展很迅猛，我坦白喜欢它的设计风格,0
1075,14753,76464,2018-09-07 16:51:50,33480,再回首恍然如梦,这样认真玩设计的比亚迪，想不到会融入这么好的设计理念。,0
1076,14750,76464,2018-09-07 16:49:57,33571,没死就别说不行,不得不说，的确是很酷啊,0
1077,14746,76464,2018-09-07 16:45:01,33569,加载中,比亚迪车方向感很轻，非常适合女士驾驶，操控也很简单，新手也没得怕的,0
1078,14744,76464,2018-09-07 16:44:16,33522,倾国倾城倾了,比亚迪最近出的几款车都特别特别好，不愧是有实力的车企,0
1079,14742,76464,2018-09-07 16:41:42,33521,丢三落四不丢,比亚迪的科技还是很牛的，在国际上有很有知名的,0
1080,14740,76464,2018-09-07 16:38:44,33520,心倾情倾了所有,比亚迪走出国门，走向世界。,0
1081,14739,76464,2018-09-07 16:36:57,33670,老堂堂主,动力，外观，空间，比亚迪的车设计真的是完美，太喜欢了，准备入手比亚迪车子了,0
1082,14737,76464,2018-09-07 16:34:05,33551,我的天呐,比亚迪的产品已经走向世界了，实力还是很强的,0
1083,14736,76464,2018-09-07 16:32:26,33540,小妞我娶你,毕竟是国产龙头车企，而且研发实力也不错，这几年出的车型也是越来越好看。,0
1084,14734,76464,2018-09-07 16:23:39,33519,右耳边的幸福,这才是一种资源上的真正的融合,0
1085,14733,76464,2018-09-07 16:20:59,33518,傻瓜a,比亚迪空间设计太完美了，配置齐全，纯电动的还省钱,0
1086,14732,76464,2018-09-07 16:20:13,33649,何方妖孽,未来两年国产新能源汽车应该是比亚迪的天下了。,0
1087,14731,76464,2018-09-07 16:18:04,33565,我乃四叶草,我国新能源在技术水平已经取得了长足的进步,0
1088,14730,76464,2018-09-07 16:13:54,33645,苏EV·NN51L9V1,还是很支持我们的自主品牌的,0
1089,14728,76464,2018-09-07 16:12:34,33643,津EV·RA1QYCC4,比亚迪纯电动车，领先者，未来前途不可估量,0
1090,14726,76464,2018-09-07 16:09:49,33564,高姿态还要继续,而且也是以人为本的产品战略,0
1091,14725,76464,2018-09-07 16:09:34,33563,一颗独苗苗,最终的目的就是改变交通,0
